root,serial,level,part_of_speech,addition,explaination_e,explaination_c
007929,19-007929-00-1,9,n.,,-,（思想、观点等）偏狭，性僵化；岛国性质（或状态）；岛屿生活状况，与外界隔绝的生活状况
003090,19-003090-00-1,9,adj.,-,-,非常有趣的，引人入胜的
003090,19-003090-00-2,9,v.,-,-,引起……的兴趣；策划阴谋；私通（intrigue 的现在分词）
002272,19-002272-00-1,9,n.,fleets,-,船队，舰队；（某家公司控制的）车队；小湾，水道
002272,19-002272-00-2,9,adj.,fleeter-fleetest,-,<文>快速的；快速的；（水）浅的
002272,19-002272-00-3,9,adv.,-,-,浅，不深地
002272,19-002272-00-4,9,v.,fleets-fleeting-fleeted-fleeted,-,<文>疾驰，飞逝
002272,19-002272-00-5,9,-,-,-,【名】 （Fleet）（美）弗利特（人名）
005458,19-005458-00-1,9,v.,splashes-splashing-splashed-splashed,-,（液体）稀里哗啦地溅落，飞溅；朝……泼洒，使……溅湿；泼溅着水行进，拍打着水游；以显著版面刊载，以大篇幅报道；使有色块，使有光斑；<英，非正式> 在（某物）上花很多钱
005458,19-005458-00-2,9,n.,splashes,-,落水声，溅泼声；溅上的液体，溅洒后留下的污渍；掺入饮料的少量液体；色块，光斑；（报章等旨在招徕读者的）重点文章；拍水，戏水；引人注目的效果
007031,19-007031-00-1,9,v.,epitomizes-epitomizing-epitomized-epitomized,-,成为……的典范，作为……的缩影；<古>概括，总结（一篇作品）
004672,19-004672-00-1,9,adj.,-,-,娱乐的，消遣的
002765,19-002765-00-1,9,n.,hostels,-,（免费或廉价的）旅社，招待所；青年旅舍；无家可归者收容所，临时收容所；<古>（提供食宿的）客栈
002765,19-002765-00-2,9,v.,hostels-hostelling或hosteling-hostelled或hosteled-hostelled或hosteled,-,留宿于招待所，旅行时住在招待所
007378,19-007378-00-1,9,adj.,-,-,明智的，可取的
001520,19-001520-00-1,9,n.,deputies,-,代理人，副手，副职；代表，议员；（美国协助地方治安官办案的）警官
001520,19-001520-00-2,9,adj.,-,-,副的；代理的
007950,19-007950-00-1,9,v.,reiterates-reiterating-reiterated-reiterated,-,<正式>重申，反复说
007085,19-007085-00-1,9,v.,dubs-dubbing-dubbed-dubbed,-,把……称为，给……起绰号；配音；封……为爵士；<英>混合录音；拷贝（电影、音乐等）；装上（假蝇）作钓饵；在（皮革）上涂油，给（皮革）加脂
007085,19-007085-00-2,9,n.,dubs,-,强节拍诗歌；配音，配乐；新手，技术不熟练者
007085,19-007085-00-3,9,-,-,-,【名】 （Dub）（美、乌克兰）杜布（人名）
007774,19-007774-00-1,9,adj.,-,-,慈母般的；作为母亲的；母系的
008064,19-008064-00-1,9,v.,afflicts-afflicting-afflicted-afflicted,-,折磨，使痛苦；（天体）相对于（另一天体或黄道上某点）处于应力星位
004289,19-004289-00-1,9,adj.,more portable-most portable,-,便携式的，轻便的；可移植的，可在不同计算机上使用的；（变更工作或情景时）可转移的，可随带的
004289,19-004289-00-2,9,n.,portables,-,手提式电器；<美>活动教室
000412,19-000412-00-1,9,n.,attendances,-,出席人数；出席，出勤；考勤情况；提供帮助（in attendance）
000242,19-000242-00-1,9,adj.,-,-,模棱两可的，有歧义的；不明朗的，不确定的
007844,19-007844-00-1,9,n.,,-,燃烧；（化学）氧化，（化学）燃烧；骚动
008322,19-008322-00-1,9,vt.,-,-,使纠缠；卷入；使混乱
007560,19-007560-00-1,9,v.,impairs-impairing-impaired-impaired,-,损害，削弱
008248,19-008248-00-1,9,adj.,-,-,流行的；时髦的
001646,19-001646-00-1,9,n.,,-,自行决定权，判断力；谨慎，慎重
007167,19-007167-00-1,9,n.,,-,持久性，耐用性
007860,19-007860-00-1,9,v.,repatriates-repatriating-repatriated-repatriated,-,遣返
007860,19-007860-00-2,9,n.,repatriates,-,被遣返回国者
008111,19-008111-00-1,9,n.,captivities,-,囚禁；被关
007681,19-007681-00-1,9,n.,stacks,-,（整齐的）一堆；<英> 垛，堆；大量，许多；（尤指工厂的）大烟囱；（图书馆的）藏书架，双面书架（the stacks）；定高分层盘旋（等待降落）的机群；（计算机）（存储）栈；竖着置放的高保真音响（或吉他扩音）设备；（数支步枪支起的锥形）枪架；<英>（浪蚀）岩柱
007681,19-007681-00-2,9,v.,stacks-stacking-stacked-stacked,-,使成整齐的一堆；使成叠（或成摞、成堆）地放在…...；指令（待着陆飞机）作定高分层盘旋；洗牌时作弊；在（某组织机构中）安插（对自己有利的人员）；（滑雪板运动用语）跌倒，倒下
007681,19-007681-00-3,9,-,-,-,【名】 （Stack）（美）斯塔克（人名）
001242,19-001242-00-1,9,v.,cooperates-cooperating-cooperated-cooperated,-,合作，协作；配合，协助
008109,19-008109-00-1,9,adj.,-,-,不精确的；不严密的；不确切的
007393,19-007393-00-1,9,n.,,-,巩固；合并
005371,19-005371-00-1,9,adj.,-,-,唯一的，仅有的；专用的，独享的；<古>（尤指女性）未婚的；<古>单独的，没人陪伴的
005371,19-005371-00-2,9,n.,soles或sole,-,脚底；鞋底（不包括后跟）；脚趾和脚弓之间的部分；（刨子等工具的）底部，（高尔夫球棒头的）底端；（船舱或驾驶室的）地面，地板；鳎（鱼）； 脚底
005371,19-005371-00-3,9,v.,soles-soling-soled-soled,-,给（鞋）换底
005371,19-005371-00-4,9,-,-,-,【名】 （Sole）（西）索莱（人名）
007330,19-007330-00-1,9,n.,,-,适度，有节制；（尤指政治观点或行为的）温和，不偏激；缓和，减轻；<英>评分审核制；牛津大学文学士学位第一次考试（Moderations）；（中子）减速
008101,19-008101-00-1,9,v.,tempts-tempting-tempted-tempted,-,引诱，诱惑；怂恿，利诱；冒……的风险
007923,19-007923-00-1,9,adj.,-,-,渐变群的
001969,19-001969-00-1,9,n.,episodes,-,一段经历，一段时期；（电视剧或广播剧的）集，一集；疾病的发作，发病；插句，插段；（希腊悲剧中）两段合唱之间的部分
007462,19-007462-00-1,9,adj.,-,-,（法律上）无效的，作废的；（论据、理由等）站不住脚的，错误的；（计算机）不能识别的；残疾的
007462,19-007462-00-2,9,n.,invalids,-,病弱者，伤残者
007462,19-007462-00-3,9,vt.,-,-,使（因伤或病）退役；使伤残，使病弱
008170,19-008170-00-1,9,adj.,-,-,灾难性的；极糟的，失败的；大规模突变的；（与）地质灾变（有关）的
007053,19-007053-00-1,9,n.,,-,恶化
004154,19-004154-00-1,9,v.,persists-persisting-persisted-persisted,-,继续存在，持续；坚持，执意；坚持说，反复说
003283,19-003283-00-1,9,v.,leaps-leaping-leapt或leaped-leapt或leaped,-,猛冲，突然而迅速地移动；剧增，猛涨；赶紧抓住（机会）；（心）猛跳；跳，跳跃
003283,19-003283-00-2,9,n.,leaps,-,跳跃，跳高；骤变，激增；（对新事物的）认真尝试
003283,19-003283-00-3,9,-,-,-,【名】 （Leap）（美、法、英）莱亚（人名）
007948,19-007948-00-1,9,v.,jeopardizes-jeopardizing-jeopardized-jeopardized,-,危及，损害
001999,19-001999-00-1,9,v.,evaluates-evaluating-evaluated-evaluated,-,评价，评估，估值；求（方程式，公式，函数）的数值
007441,19-007441-00-1,9,n.,frocks,-,女装；连衣裙；僧袍；罩袍
007441,19-007441-00-2,9,n.,frocks,-,（Frock）人名；（英）弗罗克
007889,19-007889-00-1,9,vt.,-,-,对……授粉
008106,19-008106-00-1,9,n.,longitudes,-,经度，经线
003964,19-003964-00-1,9,n.,ornaments,-,装饰品，点缀品；<正式>装饰，摆设；<正式>首饰，饰物； 为……增添光彩的人（或事物）（ornament to sth.）；（乐）装饰音（ornaments） ；（基督教）（圣坛、圣餐杯和圣器等）礼拜用品，典礼用品
003964,19-003964-00-2,9,v.,ornaments-ornamenting-ornamented-ornamented,-,装饰，点缀
003657,19-003657-00-1,9,n.,mortalities,-,死亡人数，死亡率；必死性，终有一死；死亡
007925,19-007925-00-1,9,n.,,-,渗透；（化学）渗透作用，渗透作用
000720,19-000720-00-1,9,v.,-,-,（使身体部位等）碰上，撞上；（无意地）碰，撞；颠簸行进；拖拽；挤出，挤掉；改变（广播或电视节目的时间）
000720,19-000720-00-2,9,n.,,-,肿块；隆起，凸块；碰撞，撞击；轻微撞车事故；屁股向前扭动的性感动作；<美，非正式>增加；绒布
000720,19-000720-00-3,9,-,-,-,【名】 （Bump）（英、西）邦普（人名）
007768,19-007768-00-1,9,v.,condenses-condensing-condensed-condensed,-,冷凝，凝结；压缩，简缩；浓缩，变浓
007555,19-007555-00-1,9,adj.,-,-,浑浊的；混乱的；雾重的
003042,19-003042-00-1,9,adj.,more integral-most integral,-,必需的，必要的，不可或缺的；作为组成部分的；完整的；整的，积分的
003042,19-003042-00-2,9,n.,integrals,-,积分；完整
007769,19-007769-00-1,9,v.,inverts-inverting-inverted-inverted,-,使倒置，使反转；使（位置、顺序或关系）颠倒，使互换；（通过改变音高变化方向）修改（乐句），转回；转位；求逆，求反
007769,19-007769-00-2,9,n.,,-,仰拱，倒拱；管道内底；颠倒图案的错印邮票；倒置物，倒悬者
007769,19-007769-00-3,9,adj.,-,-,转化的
001125,19-001125-00-1,9,adj.,more concrete-most concrete,-,确实的，具体的；实在的，有形的；混凝土的；物质的
001125,19-001125-00-2,9,n.,,-,混凝土
001125,19-001125-00-3,9,v.,concretes-concreting-concreted-concreted,-,用混凝土覆盖（或做成）；<旧>（使）凝固，（使）凝结；使真实（化），使具体（化）
001880,19-001880-00-1,9,n.,elites,-,权力集团，上层人士；尖子，精英
001880,19-001880-00-2,9,adj.,more elite-most elite,-,出类拔萃的，精锐的
001691,19-001691-00-1,9,adj.,-,-,不同的，有区别的；清楚的，明显的；确切的
008129,19-008129-00-1,9,adj.,-,-,残忍的；无人情味的
007502,19-007502-00-1,9,n.,veterinarians,-,兽医
005311,19-005311-00-1,9,v.,slips-slipping-slipped-slipped,-,滑倒，失足；滑落，脱落；溜走，悄悄地走；偷偷塞进；滑行，打滑；下降，变差；陷入；迅速穿上，迅速脱下；摆脱，挣脱；飞逝，过得飞快；被（某人）忘记；放出（动物，尤指猎狗）；（身体部分）移位，脱臼；（编织）挑过一针不结；略微松动（汽车离合器）；（动物）流产
005311,19-005311-00-2,9,n.,slips,-,疏漏，差错；小纸条；滑，滑倒；滑动；衬裙；（击球员后侧的）守场员；（制陶器用的）泥浆，泥釉；（飞机飞行中的）侧滑；牵狗皮带；（两个码头之间）泊位；（编织）挑针；变糟，下跌；接枝，插枝；瘦小的年轻人
005311,19-005311-00-3,9,-,-,-,【名】 （Slip）（芬）斯利普（人名）
007216,19-007216-00-1,9,adj.,-,-,有很多种类组成的；（化）不均一的，多相的；（数）不纯一的，参差的
007413,19-007413-00-1,9,n.,moralities,-,道德，品行；正当性
002086,19-002086-00-1,9,v.,exploits-exploiting-exploited-exploited,-,剥削，压榨；利用（……为自己谋利）；运用，发挥；开发，开拓
002086,19-002086-00-2,9,n.,exploits,-,英勇事迹，壮举；大胆的表演，不凡的身手
005666,19-005666-00-1,9,n.,,-,（政府间的）首脑会议，峰会；山顶，顶峰；（成就的）顶点，最高点；最高阶层
005666,19-005666-00-2,9,adj.,-,-,最高级的，政府首脑的
005666,19-005666-00-3,9,v.,-,-,登上（顶峰）
001135,19-001135-00-1,9,adj.,-,-,机密的，保密的；（言谈举止）神秘的，隐秘的；受信任的，委以机密的
001611,19-001611-00-1,9,n.,,-,方向，方位；趋势，动向；指示，说明；目标；方面；管理，指导；导演
001121,19-001121-00-1,9,v.,concludes-concluding-concluded-concluded,-,断定，推断出；结束，终止；达成，做成，完成；<美>决定
007748,19-007748-00-1,9,n.,velocities,-,速度，速率；高速，快速；（经济）周转率，流通速度
006326,19-006326-00-1,9,adj.,-,-,（地方）空着的，无人用的；（职位，工作）空缺的；茫然的，失神的
006326,19-006326-00-2,9,-,-,-,【名】 （Vacant）（法）瓦康（人名）
007468,19-007468-00-1,9,vt.,-,-,使适应新环境，使服水土
006376,19-006376-00-1,9,adj.,more vicious-most vicious,-,凶险的，会造成伤害的；严厉的，恶毒的，恶意的；剧烈的，恶劣的；<文>不道德的，罪恶的；<古>（语言，推理）不完善的，谬误的
006376,19-006376-00-2,9,-,-,-,【名】 （Vicious）（英）维舍斯（人名）
007810,19-007810-00-1,9,n.,penetrations,-,穿透，渗透，进入；（产品对市场的）渗透度，占有率；（某种信仰在某一社会的）渗透；（为刺探情报对某团体、企业等的）渗入；洞察力；（阴茎的）插入
005423,19-005423-00-1,9,n.,specialists,-,专家；专科医生；美国陆军专业人员（高于一等兵低于下士的军衔）
005423,19-005423-00-2,9,adj.,-,-,专业的；专门的；专家的
007990,19-007990-00-1,9,n.,,-,认识，认知；认识（或认知）的结果
008243,19-008243-00-1,9,v.,enlists-enlisting-enlisted-enlisted,-,（使）参军，（使）入伍；争取，谋取；赞助，支持
002035,19-002035-00-1,9,n.,excesses,-,超过，过量；越轨行为，暴行；无节制，无度；（保险中的）免赔额
002035,19-002035-00-2,9,adj.,-,-,过多的，超额的；额外的，附加的
007058,19-007058-00-1,9,adj.,-,-,可诱导的；可导致的
007182,19-007182-00-1,9,adv.,-,-,令人难忘地；感人地
007203,19-007203-00-1,9,n.,,-,碎石，砂砾；（用于铺路及用作三合土的）砂砾；砂砾层；（医）尿砂
007203,19-007203-00-2,9,v.,gravels-gravelling或graveling-gravelled或graveled-gravelled或graveled,-,用砂砾铺（地）；<美，非正式>使气恼，搅扰；<古>使困惑
007203,19-007203-00-3,9,-,-,-,【名】 （Gravel）（英、法、西）格拉韦尔（人名）
007405,19-007405-00-1,9,adj.,-,-,（经济、社会等）停滞不前的，不景气的；不流动的，污浊的
003191,19-003191-00-1,9,adj.,keener或more keen-keenest或most keen,-,渴望的，热衷的；喜爱的，着迷的；热情的，热心的；（兴趣或感情）浓厚的，强烈的；思维敏捷的，敏锐的；（目光或听觉）灵敏的；（战斗或竞争）激烈的，紧张的；<英>（价格）低廉的，有竞争力的；<旧>寒冷刺骨的；锋利的，锐利的；（气味、光或声音）有穿透力的，强烈的，明净的
003191,19-003191-00-2,9,v.,keens-keening-keened-keened,-,（为死者）恸哭，哀号
003191,19-003191-00-3,9,n.,,-,痛哭，挽歌
003191,19-003191-00-4,9,-,-,-,【名】 （Keen）（英）基恩，（德）肯，（肯）金（人名）
008346,19-008346-00-1,9,adj.,-,-,不稳定的，难以预测的
008346,19-008346-00-2,9,n.,,-,漂泊无定的人，古怪的人；（地质）漂块，漂砾
002840,19-002840-00-1,9,v.,illustrates-illustrating-illustrated-illustrated,-,加插图于；说明，阐明；证明，证实
007786,19-007786-00-1,9,n.,,-,凝聚力，团结；内聚力；（句子、文章等在语法或含义方面的）连贯，衔接
007145,19-007145-00-1,9,n.,coordinators,-,协调人，统筹者
001889,19-001889-00-1,9,n.,embassies,-,大使馆工作人员；大使馆；（外交）特别使团
005769,19-005769-00-1,9,v.,tackles-tackling-tackled-tackled,-,应付，解决（难题或局面）；与……交涉；（足球、曲棍球等比赛中）抢断；（橄榄球等比赛中）擒抱并摔倒（对方球员）；擒获；对付，打（尤指罪犯）；质问，责问；反对，反抗
005769,19-005769-00-2,9,n.,tackles,-,（足球等中的）抢断球；（橄榄球或美式足球）擒抱摔倒；（美式足球中的）阻截队员；体育器械，（尤指）渔具；（吊起重物用的）索具，滑轮；<英，俚>男性性器官
004872,19-004872-00-1,9,n.,revivals,-,复兴，复苏；再流行；（旧剧的）重新上演；（复兴基督教信仰的）奋兴布道会；（体力或活力的）重振
007113,19-007113-00-1,9,adv.,-,-,可触知地；明白地
005480,19-005480-00-1,9,v.,sprinkles-sprinkling-sprinkled-sprinkled,-,撒，洒；用……点缀，在……中随意穿插；零星分布；下小雨
005480,19-005480-00-2,9,n.,sprinkles,-,少量，一点；稀疏小雨；（撒在糕饼上作装饰用的）彩糖，糖屑（sprinkles）
005841,19-005841-00-1,9,n.,,-,地位，关系；[法]条款；术语；措辞；价钱（term 的复数形式）
005841,19-005841-00-2,9,v.,-,-,把……称为（term 的三单形式）
008072,19-008072-00-1,9,n.,requisitions,-,征用；要求；申请书；引渡要求
008072,19-008072-00-2,9,vt.,-,-,征用；申请领取
007375,19-007375-00-1,9,n.,foams,-,泡沫，气泡；泡沫橡胶，海绵橡胶；泡沫剂，泡沫产品；唾液，汗沫
007375,19-007375-00-2,9,v.,foams-foaming-foamed-foamed,-,起泡沫，有泡沫
003988,19-003988-00-1,9,n.,outrages,-,愤慨，愤怒；骇人听闻的事，暴行
003988,19-003988-00-2,9,v.,outrages-outraging-outraged-outraged,-,使愤怒，激怒；践踏（准则、法律等）；凌辱，强奸
007054,19-007054-00-1,9,n.,,-,（统称）小器具，小装置
007417,19-007417-00-1,9,n.,,-,弹性上班制（等于 flextime）
001177,19-001177-00-1,9,n.,constitutions,-,宪法，章程；体质，体格；组成，结构
004794,19-004794-00-1,9,n.,,-,爬行动物；（非正式）卑鄙的人
004794,19-004794-00-2,9,adj.,-,-,爬行动物的
002932,19-002932-00-1,9,adj.,-,-,冷淡的，不关心的；中等的，平庸的；一般的，相当差的；中立的；不分化的
007588,19-007588-00-1,9,n.,,-,英勇；超凡技术；勇猛
008279,19-008279-00-1,9,n.,brutalities,-,残忍，野蛮
004162,19-004162-00-1,9,n.,perspectives,-,（观察问题的）视角，观点；透视（画）法；（几何）透视关系，投影比例；洞察力，判断力；景观，远景；角度；（声音）立体效果
004162,19-004162-00-2,9,adj.,-,-,透视的
007789,19-007789-00-1,9,n.,,-,旷工；旷课；有计划的怠工；经常无故缺席
002065,19-002065-00-1,9,adj.,-,-,奇异的，异国风情的
002065,19-002065-00-2,9,n.,,-,外来植物，外来动物
001902,19-001902-00-1,9,n.,emphases,-,重要性，重点强调；重读，强调；（表达的）强有力
007345,19-007345-00-1,9,vt.,-,-,使受精；使肥沃
002158,19-002158-00-1,9,n.,fares,-,交通费用；乘客；饭菜；常见的东西；供大众使用的东西（尤指娱乐活动）
002158,19-002158-00-2,9,v.,fares-faring-fared-fared,-,进展，表现；<古> 发生，结果；<古>出游，旅行
002158,19-002158-00-3,9,-,-,-,【名】 （Fare）（美）法勒（人名）
008291,19-008291-00-1,9,n.,slanders,-,诽谤，诋毁；诽谤罪
008291,19-008291-00-2,9,v.,slanders-slandering-slandered-slandered,-,（口头）诽谤，诋毁
007945,19-007945-00-1,9,n.,counsels或counsel,-,忠告，建议；辩护律师；<古>咨询，磋商
007945,19-007945-00-2,9,v.,counsels-counselling或counseling-counselled或counseled-counselled或counseled,-,建议，劝告（做……）；为……提供咨询，给……提供建议；商讨，提出忠告
007526,19-007526-00-1,9,n.,,-,纵坐标
007526,19-007526-00-2,9,v.,-,-,授某人以圣职；命令（ordain 的另一不常用形式）
008093,19-008093-00-1,9,v.,disregards-disregarding-disregarded-disregarded,-,忽视，轻视，不尊重
008093,19-008093-00-2,9,n.,disregards,-,漠视，轻视
007583,19-007583-00-1,9,n.,molecules,-,分子，摩尔；少量，一点儿；微小颗粒，微粒
007828,19-007828-00-1,9,n.,treatises,-,论述；论文；专著
002964,19-002964-00-1,9,adj.,-,-,无限的，无穷尽的；（数量或程度上）极大的，无穷大的；非限定的
002964,19-002964-00-2,9,n.,,-,（空间或数量的）无穷大（the infinite）；上帝（the infinite）
007381,19-007381-00-1,9,n.,tomes,-,大部头巨著；（几卷中的）一册
007381,19-007381-00-2,9,n.,tomes,-,（Tome）（美、巴西、西、葡）托梅（人名）
007892,19-007892-00-1,9,n.,geometries,-,几何，几何学；几何形状，几何构造；几何体系
001094,19-001094-00-1,9,n.,compliments,-,赞扬，称赞；问候，祝贺
001094,19-001094-00-2,9,v.,compliments-complimenting-complimented-complimented,-,赞美，恭维
001163,19-001163-00-1,9,n.,,-,保护，保存；节约，防止浪费；守恒定律
002572,19-002572-00-1,9,adj.,grosser或more gross-grossest或most gross,-,总的，毛的；严重的，极端的；粗鲁的；肥胖难看的，臃肿的；大范围的，粗略的；（高尔夫球的得分）实际所得的；明显的；让人恶心的
002572,19-002572-00-2,9,adv.,-,-,总共，全部
002572,19-002572-00-3,9,v.,grosses-grossing-grossed-grossed,-,总共赚得
002572,19-002572-00-4,9,n.,grosses或gross,-,一罗（144个）；毛收入，总收入
002572,19-002572-00-5,9,-,-,-,【名】 （Gross）（英、法、德、意、葡、西、俄、芬、罗、捷、匈）格罗斯（人名）
008024,19-008024-00-1,9,n.,,-,恶化
001492,19-001492-00-1,9,adj.,-,-,平等的，有民主精神的；民主政体的；（美国）民主党的
001757,19-001757-00-1,9,n.,drafts,-,草稿，草案；汇票；<美>通风气流，穿堂风（=draught）；征兵；<美>（职业球队的）选拔队员制
001757,19-001757-00-2,9,v.,drafts-drafting-drafted-drafted,-,起草，草拟；选派，派遣；<美>征召，征召……入伍；<美>挑选，选拔（运动员）；作草图，绘样
001757,19-001757-00-3,9,adj.,-,-,（动物）驮重物的，负重的；（啤酒）散装的；草拟的
001905,19-001905-00-1,9,adj.,-,-,经验主义的，以经验为依据的
004162,19-004162-00-1,9,n.,perspectives,-,（观察问题的）视角，观点；透视（画）法；（几何）透视关系，投影比例；洞察力，判断力；景观，远景；角度；（声音）立体效果
004162,19-004162-00-2,9,adj.,-,-,透视的
005533,19-005533-00-1,9,adj.,steeper或more steep-steepest或most steep,-,（路、山等）陡峭的；（价格，需求）难以接受的，过高的；（增加或减少）急剧的，大幅度的
005533,19-005533-00-2,9,v.,steeps-steeping-steeped-steeped,-,浸泡（食物）；使沉浸，使沉湎
005533,19-005533-00-3,9,n.,steeps,-,<文>悬崖，陡坡；用于浸泡的溶液
007540,19-007540-00-1,9,adj.,-,-,圣经的；手稿的；依据圣经的
007553,19-007553-00-1,9,n.,,-,表演，演奏；视觉形象，视觉再现；翻译，译文；秘密引渡
007485,19-007485-00-1,9,n.,conformities,-,遵守，依照；随大流，循规蹈矩；符合，一致；信奉英国国教
008119,19-008119-00-1,9,adj.,-,-,水传播的；由水浮起的；水运的；饮水传染的（等于 waterborne）
001356,19-001356-00-1,9,v.,curbs-curbing-curbed-curbed,-,控制，抑制；勒住（马）
001356,19-001356-00-2,9,n.,curbs,-,控制，抑制；<美>路缘，马路牙子；（马的跗关节后部因扭伤韧带引起的）硬瘤
008051,19-008051-00-1,9,n.,demerits,-,缺点，短处；过失
004689,19-004689-00-1,9,adj.,-,-,<英> 被解雇的，被裁员的；多余的，累赘的；（为预防机器或系统中主要组件故障而设的）复置装置的，备用的
003038,19-003038-00-1,9,adj.,-,-,不充分的，不够重要的
007011,19-007011-00-1,9,v.,ventilates-ventilating-ventilated-ventilated,-,使通风，使通气；（用呼吸机）给……供氧；<正式>公开表达（感情或意见）；<非正式>射杀（人）
007548,19-007548-00-1,9,adj.,-,-,破坏性的，毁灭性的
003361,19-003361-00-1,9,n.,,-,识字，读写能力；专业知识；精通文学
007014,19-007014-00-1,9,v.,imparts-imparting-imparted-imparted,-,传授，告知；赋予，给予
007730,19-007730-00-1,9,n.,inventories,-,详细目录，清单；存货，库存；盘货，存货盘点
007730,19-007730-00-2,9,v.,inventories-inventorying-inventoried-inventoried,-,开列清单
007490,19-007490-00-1,9,v.,unravels-unravelling或unraveling-unravelled或unraveled-unravelled或unraveled,-,（使）解开，（使）松开；弄清，阐明；崩溃，失败
007269,19-007269-00-1,9,n.,bulks,-,主体，大部分；庞大的身躯，肥硕的体形；（巨大的）容积，体积
007269,19-007269-00-2,9,adj.,-,-,大批的，大宗的
007269,19-007269-00-3,9,v.,bulks-bulking-bulked-bulked,-,使（产品）数量显得很大；结合（待售的股票或商品）
007269,19-007269-00-4,9,-,-,-,【名】 （Bulk）（土）布尔克（人名）
008029,19-008029-00-1,9,adj.,more sinister-most sinister,-,邪恶的，不祥的；<古>（纹章）（在）盾形纹章左侧的
008344,19-008344-00-1,9,adj.,-,-,出色的，引人注目的；显眼的，明显的
003322,19-003322-00-1,9,adj.,-,-,（在法律上）有责任的，有义务的；负有偿付责任的；很可能会发生的；有……倾向的
007293,19-007293-00-1,9,adj.,-,-,可延长的；可展开的；可扩张的
007357,19-007357-00-1,9,adv.,-,-,脆弱地；易受伤害地
004441,19-004441-00-1,9,adj.,-,-,（影响）深刻的，极大的；（感情）强烈的，深切的；（思想）深邃的，（见解）深刻的；<文>深的，深处的；完全的；艰深的，玄奥的；（疾病，残疾）严重的
007824,19-007824-00-1,9,adv.,-,-,强制地，强迫地
007648,19-007648-00-1,9,n.,,-,内省；反省
006421,19-006421-00-1,9,adv.,-,-,自动地；以自由意志
007632,19-007632-00-1,9,adv.,-,-,非常，极大地
001013,19-001013-00-1,9,adj.,-,-,有条理的，连贯的；说话条理清晰的，易于理解的；团结一致的，凝聚的；（波）相干的，相参的；黏着的，黏连的
000834,19-000834-00-1,9,n.,catastrophes,-,灾难，灾祸；麻烦，困境；惨败
007701,19-007701-00-1,9,adj.,-,-,推理的；推论的；根据推理的
007272,19-007272-00-1,9,adj.,-,-,纯洁的；不懂世故的；不精细的；天真无邪的；质朴无华的
007102,19-007102-00-1,9,v.,pierces-piercing-pierced-pierced,-,（锋利尖锐物体）刺入，刺穿；（在身体某部位）扎眼，穿孔（以佩戴珠宝）；（声或光）穿过，透入；冲过，突破；让某人心如刀割，深深地打动
007102,19-007102-00-2,9,-,-,-,【名】 （Pierce）皮尔斯（人名，同Pearce）
007666,19-007666-00-1,9,vt.,-,-,分配，分派；分摊
003118,19-003118-00-1,9,n.,irons,-,铁；熨斗；铁器，铁制工具；镣铐；（矫正畸形腿的）夹腿；<非正式>马蹬；陨铁，铁陨石；（高尔夫球）铁头球杆；刚强，毅力
003118,19-003118-00-2,9,v.,irons-ironing-ironed-ironed,-,熨，烫
003118,19-003118-00-3,9,adj.,-,-,铁的，铁制的；刚强的，坚强的；强硬的，严酷的
003118,19-003118-00-4,9,-,-,-,【名】 （Iron）（英）艾恩（人名）
004651,19-004651-00-1,9,n.,recessions,-,（经济的）衰退（期）；<正式>退后，撤回；（天文）退行；凹处
007545,19-007545-00-1,9,v.,inclines-inclining-inclined-inclined,-,（使）倾向于；点头；（使）倾斜；赞同（某人，某事）
007545,19-007545-00-2,9,n.,inclines,-,斜坡，倾斜
007506,19-007506-00-1,9,v.,deters-deterring-deterred-deterred,-,使打消念头，防止
007506,19-007506-00-2,9,-,-,-,【名】 （Deter）（德）德特尔（人名）
007024,19-007024-00-1,9,n.,questionaries,-,调查表，问卷
007024,19-007024-00-2,9,adj.,-,-,询问的；由问题组成的
004311,19-004311-00-1,9,v.,postpones-postponing-postponed-postponed,-,推迟，延缓；把……放在次要地位；把……放在后面
000400,19-000400-00-1,9,adj.,more athletic-most athletic,-,运动的，体育的；强壮的，健壮的；运动员用的；（在体育、比赛或身体锻炼等方面）行动敏捷的，活跃的
007494,19-007494-00-1,9,adj.,more stationary-most stationary,-,不动的，静止的；不变的，稳定的；（行星）经度无明显移动的；定居的
007494,19-007494-00-2,9,n.,stationaries,-,不动的人或物
001889,19-001889-00-1,9,n.,embassies,-,大使馆工作人员；大使馆；（外交）特别使团
000632,19-000632-00-1,9,v.,boosts-boosting-boosted-boosted,-,使增长，推动；<美，非正式>偷窃；宣扬，推广
000632,19-000632-00-2,9,n.,boosts,-,推动，促进；广告，宣扬
000632,19-000632-00-3,9,-,-,-,【名】 （Boost）（英）布斯特，（德）博斯特（人名）
002109,19-002109-00-1,9,adj.,-,-,异乎寻常的，令人惊奇的；非凡的，卓越的；特别的，临时的；特大（或多）的；特派的，特命的
002109,19-002109-00-2,9,n.,,-,（公司正常业务活动之外的）非常账目，特支款项
007853,19-007853-00-1,9,n.,antiquities,-,古代（尤指古希腊和古罗马时期）；年代久远；文物，古物；古代，古时（尤指古埃及、古希腊、古罗马时期）
000839,19-000839-00-1,9,n.,cathedrals,-,大教堂，（主教控制的）教区总教堂
005594,19-005594-00-1,9,v.,strips-stripping-stripped或stript-stripped或stript,-,除去，撕掉（外皮或表层）；夺去，剥夺（地位，权力，财产）；脱衣服，脱光……的衣服；表演脱衣舞；为（奶牛）收奶；拆卸，拆开（机器、车辆或引擎 ）；<美>拆散（汽车等）卖零件；使空无一物，搬光（家具、设备等）；（使）（螺丝或齿轮）受损；（为利润）出售（公司资产）；分离（债券的）息票使二者分开出售；（子弹出膛时因膛面磨损而）不旋转
005594,19-005594-00-2,9,n.,strips,-,（纸、金属、织物等）条，带；带状地带；<英>（比赛时穿的）队服，球衣；商业街；脱衣舞；连环漫画；<英>（定时播出的）广播节目；飞机跑道
005594,19-005594-00-3,9,-,-,-,【名】 （Strip）（俄、美）史地鄱（人名）
008030,19-008030-00-1,9,adj.,more militant-most militant,-,好斗的，激进的
008030,19-008030-00-2,9,n.,militants,-,激进分子
003966,19-003966-00-1,9,adj.,more orthodox-most orthodox,-,（观念、方法或行为）传统的，正统的；（人）正统派的，循规蹈矩的；东正教的，正教的（Orthodox）；（物）普通的，正常的
003966,19-003966-00-2,9,n.,orthodox或orthodoxes,-,正统的人，正统的事物
007648,19-007648-00-1,9,n.,,-,内省；反省
007473,19-007473-00-1,9,adj.,-,-,不锈的，防锈的；无污点的；（人，名声）纯洁的，无瑕的
007473,19-007473-00-2,9,n.,,-,不锈钢
007825,19-007825-00-1,9,adj.,-,-,脊髓的，脊柱的；（与）中心（有关）的，骨干的；针的，尖刺的
007825,19-007825-00-2,9,n.,,-,脊椎麻醉
001342,19-001342-00-1,9,n.,cruises,-,巡游，乘船游览
001342,19-001342-00-2,9,v.,cruises-cruising-cruised-cruised,-,乘船游览；以平稳的速度行驶；缓慢巡行，兜风；轻而易举赢得，轻取；<非正式>猎艳
001342,19-001342-00-3,9,-,-,-,【名】 （Cruise）（英、美、加）克鲁斯（人名）
000076,19-000076-00-1,9,adj.,-,-,可到达的，可进入的；易得到的，可使用的；可以理解的，易懂的；平易近人的，随和的；易受影响的
007969,19-007969-00-1,9,n.,spools,-,卷轴，线轴；绕线轮，缠线框
007969,19-007969-00-2,9,v.,spools-spooling-spooled-spooled,-,缠绕，卷在线轴上；被放出；假脱机；发动起来；把……输入中间存储
003673,19-003673-00-1,9,v.,mounts-mounting-mounted-mounted,-,组织，开展；爬上，登上；骑上；增多，增加，上升；增强，加剧；镶嵌，裱贴，安置；上演，展出；爬上（雌性动物的背）进行交配；设置（岗哨），担任（警卫）；把（观察对象）固定于显微镜的载玻片
003673,19-003673-00-2,9,n.,mounts,-,山，山峰；坐骑，马；登，骑；（相片）框，（艺术品）装帧，衬托纸；底座，底架；（贴邮票用的）透明胶纸；（显微镜观察的）封片；掌丘
003673,19-003673-00-3,9,-,-,-,【名】 （Mount）（英）芒特（人名）
007351,19-007351-00-1,9,adj.,-,-,柔韧的；柔软的；圆滑的；易曲折的
002690,19-002690-00-1,9,n.,heritages,-,遗产，传统，世袭财产；<美>（植物种类）纯种的，老品种的；<古>特殊（或个人）的所有物，（该有的）一份；<古>上帝选择的人（以色列人或基督教教会）
002690,19-002690-00-2,9,-,-,-,【名】 （Heritage）（英）赫里蒂奇（人名）
007977,19-007977-00-1,9,n.,cylinders,-,圆柱体，圆筒；汽缸；高压钢瓶；印刷机滚筒；（枪的）旋转弹膛；筒形石印；柱面
007470,19-007470-00-1,9,n.,lateralities,-,对一侧面的偏重
007939,19-007939-00-1,9,v.,probes-probing-probed-probed,-,调查，打探，探究；（用手指、细长工具等）探查，查看；搜寻，探索；侦察，侦探（敌情）
007939,19-007939-00-2,9,n.,probes,-,探究，详尽调查；（医生和科学家用的）探针； 航天探测器，太空探测器（=space probe）；探测仪，传感器，取样器
007939,19-007939-00-3,9,-,-,-,【名】 （Probe）（法）普罗布（人名）
001902,19-001902-00-1,9,n.,emphases,-,重要性，重点强调；重读，强调；（表达的）强有力
002821,19-002821-00-1,9,adj.,-,-,完全相同的；同一的；（双胞胎）同卵的；恒等的
007787,19-007787-00-1,9,adj.,-,-,伪造的，假冒的；<古>假装的，虚假的
007787,19-007787-00-2,9,v.,counterfeits-counterfeiting-counterfeited-counterfeited,-,伪造，仿造；佯作，假装；酷似
007787,19-007787-00-3,9,n.,counterfeits,-,伪造物，赝品
007465,19-007465-00-1,9,adv.,-,-,零星地；偶发地
008295,19-008295-00-1,9,adj.,thriftier-thriftiest,-,节俭的，节约的；<古>（牲畜，植物）茁壮的，健康的
007310,19-007310-00-1,9,n.,,-,有氧运动法；增氧健身法
007776,19-007776-00-1,9,n.,extravagances,-,挥霍，浪费；奢侈品；奢华，富丽堂皇；过分，过度
002550,19-002550-00-1,9,v.,-,-,抓牢，握紧；理解，领会；抓住（机会）
002550,19-002550-00-2,9,n.,,-,紧抓，紧握；理解（力），领会；能力所及，伸手可及的距离；控制，权力
007757,19-007757-00-1,9,adv.,-,-,迄今，至今
004002,19-004002-00-1,9,n.,overdrafts,-,[金融] 透支；[金融] 透支额
004002,19-004002-00-2,9,vt.,-,-,[金融] 透支
001058,19-001058-00-1,9,n.,,-,委员会；<英>受托人，监护人；<美>精神病者监护人
004576,19-004576-00-1,9,adj.,more radical-most radical,-,根本的，彻底的；激进的，极端的；全新的，不同凡响的；（增减）急剧的，大幅度的；（人，物）原本的，与生俱来的；<美，非正式>顶呱呱的；（外科，医疗）根治的；<英，史>（19世纪）自由党激进派的；（数）根式的，根号的；词根的；（植）根生的
004576,19-004576-00-2,9,n.,radicals,-,激进分子； 游离基，自由基；词根；（汉字）偏旁，部首；（数）根式；根号
007403,19-007403-00-1,9,adj.,-,-,受期待的，让人期盼的
007403,19-007403-00-2,9,v.,-,-,预期，预料；期待，盼望；先于…做，抢先…做（anticipate 的过去式和过去分词）
005831,19-005831-00-1,9,n.,tenants,-,房客，租户；<法律>业主
005831,19-005831-00-2,9,v.,tenants-tenanting-tenanted-tenanted,-,（作为租赁者）居住，工作
005831,19-005831-00-3,9,-,-,-,【名】 （Tenant）特南（人名）
007032,19-007032-00-1,9,n.,irises或irides,-,虹膜；虹彩光圈，可变光圈（=iris diaphragm）；鸢尾，鸢尾属植物
007032,19-007032-00-2,9,adj.,-,-,鸢尾属植物的
007032,19-007032-00-3,9,v.,irises-irising-irised-irised,-,（镜头光圈）运用虹彩光圈渐显（或渐隐）
004905,19-004905-00-1,9,n.,rivals,-,竞争对手，敌手；可与之匹敌者，可与之相比的人（或物）
004905,19-004905-00-2,9,v.,rivals-rivalling或rivaling-rivalled或rivaled-rivalled或rivaled,-,与......相匹敌，比得上
004905,19-004905-00-3,9,adj.,-,-,竞争的，对抗的
004905,19-004905-00-4,9,-,-,-,【名】 （Rival）（俄）里瓦尔（人名）
006430,19-006430-00-1,9,adj.,-,-,（身体或精神）脆弱的，易受伤的；（事物、人或地方）易受攻击的，易受伤害的；易患病的；（桥牌）有局方的，有身价的
003684,19-003684-00-1,9,v.,muddles-muddling-muddled-muddled,-,把……弄乱，把……混在一起；混淆，分不清；使困惑；懵懵懂懂地白忙；<美>调制（饮料），调（酒）；使糊涂，使迷惑
003684,19-003684-00-2,9,n.,muddles,-,糊涂，茫然；（局面）一团糟，混乱；乱七八糟
000729,19-000729-00-1,9,n.,burglaries,-,入室盗窃，入室盗窃罪
007982,19-007982-00-1,9,n.,beehives,-,蜂窝；蜂箱
007736,19-007736-00-1,9,n.,granites,-,花岗岩；坚毅；冷酷无情
005677,19-005677-00-1,9,adj.,more superficial-most superficial,-,粗浅的，粗略的；（思想）浅薄的，缺乏深度的；表面的，乍看起来的（尤指实际并非如此）；（伤势或伤害）表皮的；（皮肤、土壤或岩石）表层的；不重要的，无关痛痒的；<英>（建筑）面积的，平方的
007900,19-007900-00-1,9,n.,,-,异常；异常行为
007118,19-007118-00-1,9,adj.,-,-,本土的，固有的
001106,19-001106-00-1,9,adj.,-,-,必须做的，义务的，强制的
001106,19-001106-00-2,9,n.,,-,（花样滑冰、竞技体操等的）规定动作
001871,19-001871-00-1,9,adj.,-,-,（人）高雅的，举止优雅的；精美的，雅致的；简练的，巧妙的
007281,19-007281-00-1,9,adj.,-,-,未毁坏的，未损坏的
001103,19-001103-00-1,9,v.,comprises-comprising-comprised-comprised,-,包括，包含；构成，组成
006046,19-006046-00-1,9,n.,,-,交易，买卖，业务；（学术团体会议的）议事录，公报；（人与人之间的）交流，相互影响；事务（元），事项
007693,19-007693-00-1,9,vt.,-,-,斩首；解雇；使无效
007336,19-007336-00-1,9,v.,duplicates-duplicating-duplicated-duplicated,-,复制，复印；（无必要地）重复（某事）；使成倍增加
007336,19-007336-00-2,9,adj.,-,-,完全一样的，复制的；二重的
007336,19-007336-00-3,9,n.,duplicates,-,完全一样的东西，复制品
007682,19-007682-00-1,9,v.,intrigues-intriguing-intrigued-intrigued,-,激起……的兴趣，引发……的好奇心；密谋
007682,19-007682-00-2,9,n.,intrigues,-,密谋策划，阴谋；秘密的恋情，秘密关系；神秘力量，神秘气氛
007385,19-007385-00-1,9,n.,seams,-,（缝合两块布等的）线缝；煤层，矿层；（木板，墙纸等的）接缝；窄长的凹陷（或伤疤）；宝贵资源；一些，一点儿
007385,19-007385-00-2,9,vt.,-,-,缝合；使生皱纹
003297,19-003297-00-1,9,n.,legacies,-,遗产，遗赠物；遗留问题，后遗症
003297,19-003297-00-2,9,adj.,-,-,（软件或硬件）已过时但因使用范围广而难以替代的
000392,19-000392-00-1,9,n.,assurances,-,自信，把握；（人寿）保险；保证，确保
004608,19-004608-00-1,9,adj.,rawer-rawest,-,生的，未煮过的；天然的，未经加工的；（信息）未经处理的，原始的；（感情，品质）强烈的，不掩饰的；（皮肤）刺痛的；（人）生疏无知的，未经训练的；（天气）阴冷的；（音乐、艺术、语言等）质朴的，未经琢磨的；<美，非正式>（语言）粗俗的；（布料边缘）无褶边的；（文字）不加掩饰的，如实坦陈的；<南非>（非洲黑人）源自传统部落（或乡村）文化的；强大的，真实的；（污水）未经处理的
004608,19-004608-00-2,9,n.,,-,擦伤处
004608,19-004608-00-3,9,-,-,-,【名】 （Raw）（英）罗（人名）
003361,19-003361-00-1,9,n.,,-,识字，读写能力；专业知识；精通文学
000946,19-000946-00-1,9,n.,circumstances,-,条件，情况，环境；境况，经济状况；详情，原委；命运，境遇
000946,19-000946-00-2,9,v.,circumstances-circumstancing-circumstanced-circumstanced,-,处于某种情况
007476,19-007476-00-1,9,v.,shatters-shattering-shattered-shattered,-,（使）破碎，碎裂；破坏，摧毁（抽象物）；使极为惊愕难过，给予极大打击
007476,19-007476-00-2,9,n.,shatters,-,碎片；受到极大打击的状态
007323,19-007323-00-1,9,n.,entrepreneurs,-,企业家，创业者；主办者，提倡者
000326,19-000326-00-1,9,n.,appointments,-,约会，约定；任命，委派；职务，职位；家具，陈设
007509,19-007509-00-1,9,n.,charters,-,宪章，章程；特许状，许可证；不完善，漏洞；包租，租赁
007509,19-007509-00-2,9,v.,charters-chartering-chartered-chartered,-,包租，租用；特许成立，给予……特权
007509,19-007509-00-3,9,adj.,-,-,（临时）租用的
007509,19-007509-00-4,9,-,-,-,【名】 （Charter）（英、美）查特（人名）
005072,19-005072-00-1,9,adj.,-,-,（人）惯于久坐不动的；（工作、活动等）需要久坐的；定居的，不迁徙的；（动物）静止的，固定附着的
007512,19-007512-00-1,9,adj.,plusher-plushest,-,豪华的；长毛绒做的；舒服的
007512,19-007512-00-2,9,n.,,-,长毛绒
008215,19-008215-00-1,9,v.,smears-smearing-smeared-smeared,-,涂抹，涂上；诽谤，诋毁；弄脏，弄污；蹭花，变模糊
008215,19-008215-00-2,9,n.,smears,-,污点，污渍；诽谤，诋毁；子宫颈抹片检查；（显微镜）涂片；（登山）不稳立足处
007075,19-007075-00-1,9,n.,glosses,-,光彩；用以产生光泽的物质；光泽涂料；假象；注释
007075,19-007075-00-2,9,v.,glosses-glossing-glossed-glossed,-,注释；（古）曲解；掩盖；使光彩
007075,19-007075-00-3,9,n.,glosses,-,（Gloss）（美、俄、英）格洛斯（人名）
005345,19-005345-00-1,9,v.,soaks-soaking-soaked-soaked,-,浸泡；使湿透，浸湿；（液体）渗入，渗透；（在浴缸里）长时间泡浴；<非正式>向……敲竹杠（征重税）；吸收，吸入；沉浸在（学习中）
005345,19-005345-00-2,9,n.,soaks,-,浸泡，浸透；（长时间的）泡浴，洗澡；<非正式>酒鬼；<澳新>积水洼地，水洼；<英，非正式>大雨
008156,19-008156-00-1,9,adj.,-,-,新古典主义的
008028,19-008028-00-1,9,adj.,-,-,深奥的；隐藏的
006113,19-006113-00-1,9,n.,tunes,-,曲调，曲子；歌曲，乐段
006113,19-006113-00-2,9,v.,tunes-tuning-tuned-tuned,-,（给乐器）调音，校音；（给收音机、电视等）调谐，调频道；调整，调节（发动机）；调整，使适合；<南非，非正式>告诉
006113,19-006113-00-3,9,-,-,-,【名】 （Tune）图恩（人名）
001549,19-001549-00-1,9,v.,deteriorates-deteriorating-deteriorated-deteriorated,-,恶化，变坏
007725,19-007725-00-1,9,v.,rehabilitates-rehabilitating-rehabilitated-rehabilitated,-,（监禁、戒毒或病后通过培训和治疗）使恢复正常生活；恢复……的权利，恢复……的名誉；使（建筑物或地区）恢复原状，修复
000292,19-000292-00-1,9,v.,anticipates-anticipating-anticipated-anticipated,-,预期，预料；预见（并做准备）；期望，盼望；先于……做，早于……行动；提前使用；在期限内履行（义务），偿还（债务）
002036,19-002036-00-1,9,adj.,-,-,过度的，过多的
002546,19-002546-00-1,9,v.,-,-,授予，给予；承认
002546,19-002546-00-2,9,n.,,-,补助金，拨款；（政府给予的）土地；<正式>给予，授予；合法转让
002546,19-002546-00-3,9,-,-,-,【名】 （Grant）（美）格朗（人名）
002017,19-002017-00-1,9,n.,evolutions,-,进化（论）；演变，发展；（气体的）释放，（热量的）散发；队形变换，位置变换；<旧>开方
007658,19-007658-00-1,9,n.,,-,剥削，压榨；开发，开采；（出于私利、不公正的）利用
005527,19-005527-00-1,9,adv.,-,-,逐渐地，稳步地；不变地，稳定地；冷静地，镇定地；固定地，牢固地
007275,19-007275-00-1,9,v.,orients-orienting-oriented-oriented,-,朝向，面对，使适合；定向放置（某物）；确定方位，认识方向（orient oneself）；引导；使熟悉，帮助适应
007275,19-007275-00-2,9,n.,orients,-,<旧>东方，东亚诸国（the Orient）；（优质珍珠的）光泽；优质珍珠
007275,19-007275-00-3,9,adj.,-,-,<文>东方的，东方国家的；（尤指宝石）光彩夺目的；（太阳等）冉冉上升的，（白昼的光亮等）渐渐变强的
007275,19-007275-00-4,9,-,-,-,【名】 （Orient） （美）奥里安（人名）
007124,19-007124-00-1,9,vt.,-,-,使震惊；诽谤；使愤慨
005501,19-005501-00-1,9,adj.,staler或more stale-stalest或most stale,-,（食物）不新鲜的，变味的；气味不清新的，难闻的；没有新意的，老掉牙的；（因长期从事同一工作而）疲沓的，厌倦的；（支票，合法要求）（因过期而）失效的
005501,19-005501-00-2,9,v.,stales-staling-staled-staled,-,（使）不新鲜，（使）走味，（使）陈旧；（动物，尤指马）撒尿
005501,19-005501-00-3,9,n.,,-,尿
005501,19-005501-00-4,9,-,-,-,【名】 （Stale）斯塔莱（人名）
006182,19-006182-00-1,9,v.,undertakes-undertaking-undertook-undertaken,-,承担，从事；承诺，答应；<英>在内侧行驶时赶上并超越（另一辆车）
003102,19-003102-00-1,9,n.,invasions,-,侵略，入侵；涌入，大批进入；侵犯，干预；侵袭，扩散
007387,19-007387-00-1,9,n.,mites,-,小虫，螨；（可怜的）小孩儿，小动物；微粒，微小的东西；少量，极小量；小硬币
007387,19-007387-00-2,9,adv.,-,-,（非正式）一点儿，稍许
001324,19-001324-00-1,9,n.,criteria或criterions,-,尺度，标准，准则
002553,19-002553-00-1,9,n.,graves,-,坟墓，墓穴；死亡，终结；（废旧机器等的）堆积处；（法语等语言里的）抑音符号，沉音符
002553,19-002553-00-2,9,adj.,graver或more grave-gravest或most grave,-,严峻的，严重的；严肃的，庄重的；认真的，深切的；带钝重音符的；（用作演奏演唱指示）缓慢的，庄严的
002553,19-002553-00-3,9,adv.,-,-,（用作演奏演唱指示）缓慢地，庄严地
002553,19-002553-00-4,9,v.,graves-graving-graved-graven或graved,-,<文>铭记，铭刻；<古>刻（铭文，图像）；<史>（用烧掉附着物然后涂以沥青的方法）清理（船底），拷铲油漆（船底）
002553,19-002553-00-5,9,-,-,-,【名】 （Grave）（德、英）格拉维（人名）
008084,19-008084-00-1,9,v.,inhibits-inhibiting-inhibited-inhibited,-,抑制，约束；使拘束，使尴尬；降低（酶等）的活性；禁止（神职人员）司神职
007318,19-007318-00-1,9,n.,,-,居民，居住者
002861,19-002861-00-1,9,n.,,-,撞击，冲击力；巨大影响，强大作用
002861,19-002861-00-2,9,v.,-,-,冲击，撞击；挤入，压紧；（对……）产生影响
008005,19-008005-00-1,9,adj.,starker-starkest,-,荒凉的；严酷的；明显的，鲜明的；完全的，十足的；健壮的，结实的
008005,19-008005-00-2,9,adv.,-,-,完全地；彻底地
008005,19-008005-00-3,9,n.,,-,【名】（Stark）（俄、罗）斯塔尔克，（德）施塔克，（英、芬、法、瑞典）斯塔克（人名）
007288,19-007288-00-1,9,adj.,-,-,专业的，专门的
007288,19-007288-00-2,9,v.,-,-,专门研究（或从事），专攻；专营；（生）使（器官）专化，使特化（specialize 的过去式和过去分词）
002391,19-002391-00-1,9,n.,frontiers,-,边境，国界；(常sing.) 西部边疆，边远地区；（尤指知识的）前沿，新领域；西部边疆，边远地区
002391,19-002391-00-2,9,adj.,-,-,边境的，边疆的
002391,19-002391-00-3,9,-,-,-,【名】 （Frontier）（法）弗龙捷（人名）
005481,19-005481-00-1,9,n.,spurs,-,一时冲动之下，心血来潮；刺激，激励；山嘴，尖坡；（公路或铁路的）支线，岔线；马刺，靴刺
005481,19-005481-00-2,9,v.,spurs-spurring-spurred-spurred,-,激励，鼓励；促进，加速，刺激（某事发生）；用马刺策（马）前进；紧贴主干剪短（副梢）
005481,19-005481-00-3,9,-,-,-,【名】 （Spur） （美）斯普尔（人名）
004460,19-004460-00-1,9,v.,prompts-prompting-prompted-prompted,-,促使，导致；鼓励，提示（说话者）；（计算机上）提示；（给演员）提词，提白
004460,19-004460-00-2,9,n.,prompts,-,（给演员的）提词；（计算机屏幕上显示准备接受指令的）提示； 鼓励，催促；（付款通知单上的）付款期限
004460,19-004460-00-3,9,adj.,prompter或more prompt-promptest或most prompt,-,迅速的，立刻的；（人）利索的，敏捷的；及时的，准时的；（商品）即期要送的，即期要付的
004460,19-004460-00-4,9,adv.,-,-,准时地
001252,19-001252-00-1,9,adj.,-,-,公司的；法人的；共同的，全体的
001252,19-001252-00-2,9,n.,,-,公司，集团
008118,19-008118-00-1,9,adj.,-,-,熔化的；铸造的；炽热的
008118,19-008118-00-2,9,n.,,-,（Molten）莫尔滕（人名）
008110,19-008110-00-1,9,n.,condensations,-,冷凝，凝结；凝结的水珠；（书等的）简缩；凝聚反应，缩合反应；精神凝缩（作用）
006173,19-006173-00-1,9,adj.,-,-,根本的，潜在的；表面下的，下层的；优先的；（数量或水平）实际的
006173,19-006173-00-2,9,v.,-,-,位于…的下面；构成…的基础（underlie 的现在分词形式）
007040,19-007040-00-1,9,n.,evacuations,-,撤离，疏散；（粪便等的）排泄；排空，清除
007437,19-007437-00-1,9,vt.,-,-,使无能力；使不能；使不适于
002895,19-002895-00-1,9,adj.,more inaccurate-most inaccurate,-,不精确的，不准确的
007266,19-007266-00-1,9,n.,pesticides,-,杀虫剂，农药
007260,19-007260-00-1,9,adj.,-,-,富有洞察力的，有深刻见解的
008160,19-008160-00-1,9,adv.,-,-,无情地；残忍地；冷酷地
007586,19-007586-00-1,9,adj.,-,-,兴高采烈的，精神焕发的；喜气洋洋的，充满生气的；茂盛的，繁茂的；（在艺术风格上）充满活力和想像力的
007795,19-007795-00-1,9,adj.,-,-,一百年的
007795,19-007795-00-2,9,n.,,-,一百周年；一百周年纪念
005435,19-005435-00-1,9,n.,spectra或spectrums,-,范围，幅度；光谱；波谱，频谱；余象
008294,19-008294-00-1,9,n.,dupes,-,上当者；易受骗的人
008294,19-008294-00-2,9,vt.,-,-,欺骗；愚弄；重复，复制（等于 duplicate）
001033,19-001033-00-1,9,n.,columns,-,圆柱，纪念柱；柱状物；纵队，纵行（列）；（报纸、杂志上的）栏；（报纸或杂志的）专栏（文章）
007659,19-007659-00-1,9,vt.,-,-,替代，取代
002803,19-002803-00-1,9,adj.,-,-,卫生的，保健的；与卫生相关的
004228,19-004228-00-1,9,adj.,more plausible-most plausible,-,似乎是真的，貌似有理的；（人）花言巧语的，貌似可信的；可靠的，可重用的
007037,19-007037-00-1,9,n.,federations,-,联邦政府，联邦；联合会；结成联邦（或联盟）
007367,19-007367-00-1,9,n.,,-,委派；信赖；鉴定合格
003520,19-003520-00-1,9,adj.,-,-,机械（方面）的；机械般的，呆板的；精通机械的；机械学的，力学的；独家灌录权的
003520,19-003520-00-2,9,n.,,-,技工，机修工；劳工，工匠
008033,19-008033-00-1,9,v.,acquaints-acquainting-acquainted-acquainted,-,使熟悉，使了解
002688,19-002688-00-1,9,n.,herbs,-,药草，香草；草本植物
002688,19-002688-00-2,9,-,-,-,【名】 （Herb）（德、英、瑞典）赫布（人名）
001322,19-001322-00-1,9,n.,crises,-,危机，紧要关头；决定性时刻，关键时刻；（病情的）转折点，危象
001322,19-001322-00-2,9,adj.,-,-,用于处理危机的
001073,19-001073-00-1,9,n.,comparisons,-,比较，对照；相提并论，相比；比喻，比拟；（副词或形容词的）比较（变化）
003949,19-003949-00-1,9,n.,orchestras,-,（大型的）管弦乐队；乐池（=orchestra pit）；<美>（剧院中）靠近舞台的座位；古希腊剧场舞台前部半圆形的表演区（供合唱队表演歌舞）
007245,19-007245-00-1,9,n.,stereos,-,立体声，立体声效果；立体声音响设备（器材）；（摄影）立体视镜；（印刷）铅版（stereotype 的简称）
007245,19-007245-00-2,9,adj.,-,-,立体声的（stereophonic 的简称）；立体的，体视镜的，有立体感觉的（stereoscopic 的简称）
002050,19-002050-00-1,9,adj.,-,-,行政的，有执行权的；高档的，豪华的；供主管人员使用的；（有关）经营管理的，领导的
002050,19-002050-00-2,9,n.,executives,-,主管，经理；行政部门，执行委员会
001460,19-001460-00-1,9,n.,defects,-,缺点，缺陷，毛病
001460,19-001460-00-2,9,v.,defects-defecting-defected-defected,-,背叛，叛变
007319,19-007319-00-1,9,n.,aquariums或aquaria,-,水族箱，养鱼缸；水族馆
007593,19-007593-00-1,9,adj.,-,-,整体的，全面的；功能整体性的
007779,19-007779-00-1,9,n.,infirmities,-,（尤指老年的）体弱，病弱；（长期的）疾病，病症；缺点
007447,19-007447-00-1,9,n.,,-,魅力；魔法；迷人的美（等于 glamour）
007447,19-007447-00-2,9,vt.,-,-,迷惑；使有魅力（等于 glamour）
005951,19-005951-00-1,9,v.,tightens-tightening-tightened-tightened,-,（使）变紧，（使）紧固；旋紧，拧紧；抓紧，攥紧；（由于生气而）（嘴巴）撅起，（双唇）紧闭；（使）（肌肉或身体某部位）变得僵硬，绷紧；使（规定、政策、制度）更加严格，使更加有效；（对……）严加控制，（使）加强控制；<美>（比赛）变得激烈（紧张）
007525,19-007525-00-1,9,adj.,-,-,从属的，下级的；次要的
007525,19-007525-00-2,9,n.,subordinates,-,部属，下级；从属，次要
007525,19-007525-00-3,9,v.,subordinates-subordinating-subordinated-subordinated,-,使从属于，使处于次要地位；使隶属，使服从
002204,19-002204-00-1,9,adj.,more fertile-most fertile,-,肥沃的，富饶的；可繁殖的，能结果的；能产生好结果的，促进的；点子多的，想象力丰富的；（核材料）能产生裂变物质的，增殖性的
001477,19-001477-00-1,9,n.,delegates,-,代表；委员会成员
001477,19-001477-00-2,9,v.,delegates-delegating-delegated-delegated,-,授权，把……委托给；选派（某人做某事）
001080,19-001080-00-1,9,adj.,more competitive-most competitive,-,竞争的；好竞争的，好胜的；有竞争力的
007563,19-007563-00-1,9,adj.,diviner或more divine-divinest或most divine,-,神的，天赐的；绝妙的，极令人愉快的
007563,19-007563-00-2,9,v.,divines-divining-divined-divined,-,（凭直觉）猜测，推测；占卜，预测；（通过探矿术）发现（水源）
007563,19-007563-00-3,9,n.,divines,-,<旧>牧师，神学家；天意，上帝（the Divine）
007563,19-007563-00-4,9,-,-,-,【名】 （Divine）（英）迪万（人名）
007954,19-007954-00-1,9,v.,obstructs-obstructing-obstructed-obstructed,-,堵塞，阻塞（洞口、通道、道路等）；遮住，挡住（视线）；阻碍，妨碍
000849,19-000849-00-1,9,n.,celebrities,-,名声，名望；名人，明星
007443,19-007443-00-1,9,n.,bistros,-,小酒馆
007443,19-007443-00-2,9,n.,bistros,-,（Bistro）人名；（法）比斯特罗
007456,19-007456-00-1,9,adj.,-,-,休耕的；不活跃的
007456,19-007456-00-2,9,n.,,-,休耕地；休耕
007456,19-007456-00-3,9,vt.,-,-,使（土地）休闲；潜伏
007456,19-007456-00-4,9,n.,,-,（Fallow）人名；（英）法洛
004790,19-004790-00-1,9,adj.,more representative-most representative,-,典型的，有代表性的；代表各类人（或事物）的；由代表组成的，代议制的；表现的，体现的；（艺术）具象派的；（哲） （与）表象（有关）的
004790,19-004790-00-2,9,n.,representatives,-,代表，代理人；代表他人者；销售代表，销售代理；典型人物，有代表性的事物；（美国）众议院议员；（类或群的）样本，代表物
007222,19-007222-00-1,9,n.,,-,傲慢，自大
005430,19-005430-00-1,9,n.,specifications,-,规格，规范，明细单，说明书；明确说明，详述；（申请专利用的）发明物说明书
000241,19-000241-00-1,9,n.,ambiguities,-,模棱两可，不明确；含混不清的语句；一语多义；暧昧，难以理解的感情（或想法）
000758,19-000758-00-1,9,n.,cables,-,电缆；钢缆，缆绳；电报；有线电视
000758,19-000758-00-2,9,v.,cables-cabling-cabled-cabled,-,给……安装有线电视；给……发电报
007158,19-007158-00-1,9,v.,lodges-lodging-lodged-lodged,-,（使）固定，（使）卡住；（通常付住宿费地）借住，寄住，（为某人）提供住宿；存放，寄放（贵重物品）；正式提出（投诉、要求等）；铭记，留存
007158,19-007158-00-2,9,n.,lodges,-,（公园或宅第的）门口小屋，门房；（大学、机构等的）门房，管理员室；（乡村或山间供狩猎者等使用的）小屋，小舍；（地方分会会员的）集会地，活动地；（河狸或水獭的）穴，窝；印第安锥形棚屋；（剑桥的）学院院长住宅；用于名字中宅，舍，旅馆
007158,19-007158-00-3,9,-,-,-,【名】 （Lodge）（美）洛奇（人名）
007250,19-007250-00-1,9,vi.,-,-,剽窃；抄袭
007250,19-007250-00-2,9,vt.,-,-,剽窃；抄袭
001054,19-001054-00-1,9,adj.,more commercial-most commercial,-,商业的，商务的；商业化的，以获利为目的的；由广告商支付的；（化学制品）大量供应且纯度不高的
001054,19-001054-00-2,9,n.,commercials,-,电视广告，电台广告
001671,19-001671-00-1,9,v.,displaces-displacing-displaced-displaced,-,取代，代替；使（人或动物群体）离开家园；移动，转移
003077,19-003077-00-1,9,n.,interpretations,-,解释，理解；表演，演奏，艺术处理；口译
007687,19-007687-00-1,9,n.,scouts,-,侦察兵，侦察机；侦查（尤指勘察地区）；童子军（the Scouts）；（英国大学里清扫学生房间的）校工；（演员、运动员等的）人才发掘者，星探；侦查蜂；童子军队员
007687,19-007687-00-2,9,v.,scouts-scouting-scouted-scouted,-,（在某个地区）寻找，搜寻；物色（尤指体育或娱乐）人才；<罕> 轻蔑地拒绝（建议，想法）；探查，侦查；跟踪，监视
007543,19-007543-00-1,9,n.,,-,损坏，糟蹋；掠夺；损坏物
002703,19-002703-00-1,9,n.,hierarchies,-,等级制度；统治集团；等级体系
007761,19-007761-00-1,9,n.,bibliographies,-,参考书目，文献目录；目录学，文献学
007298,19-007298-00-1,9,n.,,-,幼虫，幼体（larva 的复数）
005689,19-005689-00-1,9,n.,supplements,-,补充物，增补物；营养片剂，补品；补助，补贴；额外服务费用；（报纸或杂志的）副刊，增刊；（书籍的）补编，附录；（几何）补角
005689,19-005689-00-2,9,v.,supplements-supplementing-supplemented-supplemented,-,增加，增补
007027,19-007027-00-1,9,n.,delinquencies,-,（尤指青少年的）犯罪，不良行为；拖欠债务；玩忽职守
004074,19-004074-00-1,9,adj.,more particular-most particular,-,特定的，某一的；格外的，特别的；讲究的，挑剔的；特殊的，独特的；详细的，详尽的
004074,19-004074-00-2,9,n.,particulars,-,一点，一个细节； 详细资料，详情（particulars）；（哲学）（与普遍性相对的）特殊性
001599,19-001599-00-1,9,n.,dimensions,-,大小，尺寸；（空间的）维度；范围，规模；方面，部分
001599,19-001599-00-2,9,v.,dimensions-dimensioning-dimensioned-dimensioned,-,切削（或制作）成特定尺寸；标出尺寸
001243,19-001243-00-1,9,n.,cooperations,-,合作，协作；协助，配合
007885,19-007885-00-1,9,adj.,-,-,用功的；热心的；专心的；故意的；适于学习的
007451,19-007451-00-1,9,n.,prospectuses,-,（学校的）简章；（企业的）招股章程
007420,19-007420-00-1,9,n.,menaces,-,威胁，危险的人或物；烦人的人（或事物），引起麻烦的人（或事物）；危险气氛，威胁；<英，法律>（以）威胁（或恐吓）的手段（索要钱财）
007420,19-007420-00-2,9,v.,menaces-menacing-menaced-menaced,-,<正式>威胁，威吓
007130,19-007130-00-1,9,n.,censors,-,检查员，审查官；潜意识抑制力；（古罗马）监察官
007130,19-007130-00-2,9,v.,censors-censoring-censored-censored,-,审查，删改（书、电影、信件等）
007547,19-007547-00-1,9,n.,latitudes,-,纬度；纬度地区；选择的自由，回旋余地；（感光乳剂，相纸）曝光宽容度
008341,19-008341-00-1,9,adj.,-,-,反复出现，再次发生；循环小数的；经常性的
008341,19-008341-00-2,9,v.,-,-,再发生，反复出现；（思考或讲话时）重新回到，反复提及（recur to）；（小数）循环（recur 的现在分词）
002456,19-002456-00-1,9,n.,generalizations,-,（依据不足的）概括，泛论（=generalisation）
004739,19-004739-00-1,9,n.,,-,相关性，实用性，意义
008334,19-008334-00-1,9,n.,,-,滋养品；食物
008334,19-008334-00-2,9,vt.,-,-,向……提供营养物
001231,19-001231-00-1,9,v.,convicts-convicting-convicted-convicted,-,定罪，宣判……有罪
001231,19-001231-00-2,9,n.,convicts,-,已决犯，服刑囚犯
002127,19-002127-00-1,9,v.,facilitates-facilitating-facilitated-facilitated,-,使更容易，使便利；促进，推动
007649,19-007649-00-1,9,n.,manors,-,庄园；领地；采邑，采地
007649,19-007649-00-2,9,n.,manors,-,（Manor）人名；（英）马诺尔
005836,19-005836-00-1,9,adj.,tenser-tensest,-,紧张的，焦虑的；（气氛或局势）令人紧张的，引发恐慌的；（身体或肌肉）僵直的，绷紧的；（金属丝等）拉紧的，绷紧的；（语音，尤指元音）紧的
005836,19-005836-00-2,9,v.,tenses-tensing-tensed-tensed,-,（使）（身体或肌肉）绷紧，（使）变得僵直；变得神经紧张
005836,19-005836-00-3,9,n.,tenses,-,（动词的）时态
007859,19-007859-00-1,9,adj.,-,-,可拉长的，可伸展的；张力的，抗张的
001348,19-001348-00-1,9,v.,cultivates-cultivating-cultivated-cultivated,-,开垦，耕作；栽培，培育；陶冶，培养；建立（友谊），结交
007178,19-007178-00-1,9,n.,vernaculars,-,本地话，方言；（建筑的）民间风格；<非正式>行话，术语；动植物的俗名
007178,19-007178-00-2,9,adj.,-,-,方言的，本地语的；（建筑）民间风格的；（艺术的）民间风俗的
007404,19-007404-00-1,9,n.,,-,[内科] 内科医生
007224,19-007224-00-1,9,v.,dignifies-dignifying-dignified-dignified,-,使有尊严，使高贵；使显得堂皇，抬高……的身价
000206,19-000206-00-1,9,v.,alleges-alleging-alleged-alleged,-,(未经证实地）宣称，指控
008208,19-008208-00-1,9,adj.,-,-,徒劳的，无用的；不重要的；没有出息的
007452,19-007452-00-1,9,vi.,-,-,拘泥小节；为琐事费时；挑剔
007452,19-007452-00-2,9,vt.,-,-,小气地给……；玩忽
007452,19-007452-00-3,9,n.,niggles,-,小牢骚；疑虑，烦恼
003553,19-003553-00-1,9,v.,merges-merging-merged-merged,-,（使）合并，（使）融合；渐渐消失于，融入；兼并（产权，产业）
003553,19-003553-00-2,9,-,-,-,【名】 （Merge）（意）梅尔杰（人名）
008265,19-008265-00-1,9,adj.,-,-,（特点或疾病）遗传的；（头衔、职位或权利）承袭的，世袭的；有世袭身分（或头衔）的；（数）（集合的）遗传的
001074,19-001074-00-1,9,adj.,-,-,兼容的；可共存的；可和睦相处的；与……一致的
001074,19-001074-00-2,9,n.,,-,兼容性计算机
001179,19-001179-00-1,9,v.,constrains-constraining-constrained-constrained,-,限制，约束；强迫，迫使
007577,19-007577-00-1,9,v.,entails-entailing-entailed-entailed,-,使必要，需要；<旧>遗赠（财产），限定继承；使人承担
007577,19-007577-00-2,9,n.,,-,限定继承，限嗣继承的财产
008338,19-008338-00-1,9,v.,sways-swaying-swayed-swayed,-,摇摆，摇晃，摆动；影响（某人），使改变看法；<文> 统治，管理；（使）摇摆，摇动
008338,19-008338-00-2,9,n.,,-,统治，势力，支配，控制，影响；摇摆，摆动；统治，影响
008085,19-008085-00-1,9,v.,obstructs-obstructing-obstructed-obstructed,-,堵塞，阻塞（洞口、通道、道路等）；遮住，挡住（视线）；阻碍，妨碍
007952,19-007952-00-1,9,v.,entwines-entwining-entwined-entwined,-,缠住，盘绕；使缠绕；与……密切相关
008047,19-008047-00-1,9,n.,keystones,-,基础，主旨；基本原则；楔石；拱顶石
007833,19-007833-00-1,9,adj.,-,-,有延展性的，易塑形的；容易改变的，易受影响的
007704,19-007704-00-1,9,vi.,-,-,冲刷；擦；腹泻
007704,19-007704-00-2,9,vt.,-,-,擦亮，洗涤；冲洗，清除
007704,19-007704-00-3,9,n.,scours,-,擦，冲刷；洗涤剂；（畜类等的）腹泻
008031,19-008031-00-1,9,adj.,-,-,有事业心的，有进取心的；有魄力的，有胆量的
007410,19-007410-00-1,9,n.,stems,-,（植物、灌木的）茎，干；（高脚酒杯的）柄脚；（语法中的）词干；烟斗柄；主干；船头，艏柱；（机械装置的）阀杆，导杆，棒；<古，文>血统；<美>（手表的）发条转柄；（文字的）干线，（音符的）符干；<美，非正式>鸦片烟枪
007410,19-007410-00-2,9,v.,stems-stemming-stemmed-stemmed,-,阻止，遏制；止住（液体的流动）；起源于；去梗，去柄；（船）逆流而行；（滑雪）向外转动（滑雪屐）以便转弯（或减速）；给……装柄
007410,19-007410-00-3,9,abbr.,-,-,"（STEM）理工科的统称（science, technology, engineering, and mathematics）"
008010,19-008010-00-1,9,adj.,-,-,费解的；无限的；不可思议的
007941,19-007941-00-1,9,adj.,more inflammable-most inflammable,-,易燃的；易怒的；易激动的
007941,19-007941-00-2,9,n.,inflammables,-,易燃物
003729,19-003729-00-1,9,adj.,-,-,本地出生的，出生地的；天生的，天赋的；原产于某地的，土产的；母语的；土著的，土著人的；<澳> （动、植物）像外地物种的；（金属或其他矿物）天然的，呈天然纯态的；（计算机）本机器码
003729,19-003729-00-2,9,n.,natives,-,土生土长者，本地人；当地居民；土著人；土生植物（或动物）
007745,19-007745-00-1,9,n.,swivels,-,转环；转椅座架
007745,19-007745-00-2,9,vt.,-,-,使旋转
007745,19-007745-00-3,9,vi.,-,-,旋转
008078,19-008078-00-1,9,n.,,-,中部，中间
008078,19-008078-00-2,9,prep.,-,-,在……中间，在……之中（=amidst）
007055,19-007055-00-1,9,n.,silts,-,淤泥，泥沙；粉砂尘，泥沙层；（技）粉砂
007055,19-007055-00-2,9,v.,silts-silting-silted-silted,-,（使）淤塞
008128,19-008128-00-1,9,vt.,-,-,危及；使陷于危险
007943,19-007943-00-1,9,adj.,-,-,（价格、要求等）过分的，离谱的
001693,19-001693-00-1,9,adj.,-,-,独特的，与众不同的
002357,19-002357-00-1,9,n.,fragrances,-,芳香，香气；香水
008057,19-008057-00-1,9,adj.,-,-,好战的，好争论的
007412,19-007412-00-1,9,adj.,-,-,有两部分的，双重的；两倍的
007412,19-007412-00-2,9,adv.,-,-,双重地，两倍地
002884,19-002884-00-1,9,adj.,more impressive-most impressive,-,给人印象深刻的，令人钦佩的
006361,19-006361-00-1,9,n.,verdicts,-,（法庭的）裁定，判决；（权威的）评判，定论；意见，决定
007230,19-007230-00-1,9,n.,booms,-,繁荣；流行，风靡；隆隆声；吊杆；帆桁；水栅
007230,19-007230-00-2,9,v.,booms-booming-boomed-boomed,-,迅速发展，繁荣；轰鸣，轰响；用低沉的声音说
007230,19-007230-00-3,9,-,-,-,【名】 （Boom）（英、美、荷、俄、比、德）博姆（人名）
002896,19-002896-00-1,9,adj.,more inadequate-most inadequate,-,不充分的，不足的，不够好的；不能胜任的，信心不足的
004816,19-004816-00-1,9,n.,,-,恢复力，复原力；（橡胶等的）弹性
005432,19-005432-00-1,9,n.,specimens,-,样品，标本；（尤指动植物的）实例；（化验的）抽样，血样，尿样；具有……特性的人（幽默用法）
008361,19-008361-00-1,9,adj.,-,-,公共的；群体的，团体的；种族间的，教派间的；（与他人）同做的，共事的
008361,19-008361-00-2,9,-,-,-,【名】 （Communal）（法）科米纳尔（人名）
007186,19-007186-00-1,9,adj.,-,-,维度的
000373,19-000373-00-1,9,n.,aspirations,-,渴望，抱负，志向；送气音；吸引术，抽吸
007322,19-007322-00-1,9,v.,tramps-tramping-tramped-tramped,-,拖着沉重的脚步走，踩，踏；长途跋涉
007322,19-007322-00-2,9,n.,tramps,-,流浪汉，流浪乞丐；沉重的脚步声；长途步行，徒步旅行；（航线不定的）货船；（为挖地而穿的长统靴底）金属片；铲尖；<贬>不正经的女人
007322,19-007322-00-3,9,-,-,-,【名】 （Tramp）（美）塔姆鄱（人名）
007848,19-007848-00-1,9,adj.,-,-,声音的，音频的
007848,19-007848-00-2,9,n.,,-,声音，音频
007299,19-007299-00-1,9,n.,correspondences,-,信件，信函；通信；相似，关联；一致
007766,19-007766-00-1,9,adj.,-,-,功利主义的，实利主义的；功利的，实用的
007766,19-007766-00-2,9,n.,,-,功利主义者
007001,19-007001-00-1,9,adv.,-,-,飞快地，迅速地；急速地
008181,19-008181-00-1,9,adj.,-,-,饮食的
008181,19-008181-00-2,9,n.,dietaries,-,<旧>规定（或限制）的饮食
003719,19-003719-00-1,9,n.,narratives,-,记叙文，叙述；叙事技巧
003719,19-003719-00-2,9,adj.,-,-,叙述的；叙事体的
007895,19-007895-00-1,9,adv.,-,-,相反地，反过来说
007752,19-007752-00-1,9,adj.,more fraught-most fraught,-,充满（糟糕或令人讨厌的事物）；造成忧虑（或紧张）的，受忧虑（或压力）影响的；<旧>充满的
007752,19-007752-00-2,9,n.,,-,货物
007752,19-007752-00-3,9,v.,fraughts-fraughting-fraught或fraughted-fraught或fraughted,-,装载
007320,19-007320-00-1,9,v.,deviates-deviating-deviated-deviated,-,偏离，脱离；违背
007320,19-007320-00-2,9,adj.,-,-,离经叛道的
007320,19-007320-00-3,9,n.,deviates,-,异类，偏离规范的人；偏离
000950,19-000950-00-1,9,adj.,-,-,公民的，国民的，国内的；平民的，民用的；文明的，有礼貌的；民法的（非刑法的），民事的；习俗规定的，历法规定的
000950,19-000950-00-2,9,-,-,-,【名】 （Civil）（土）吉维尔，（法）西维尔（人名）
007971,19-007971-00-1,9,n.,censures,-,<正式>严厉批评，谴责
007971,19-007971-00-2,9,v.,censures-censuring-censured-censured,-,<正式>严厉批评，正式谴责
002568,19-002568-00-1,9,n.,grips,-,紧握；掌握，控制；理解；不打滑，走得稳；手柄；紧握（或抓牢）的方式；（拍摄电影时）摄影机和照明设备管理人员；<英>发夹；旅行袋
002568,19-002568-00-2,9,v.,grips-gripping-gripped-gripped,-,握紧，夹住；（尤指通过摩擦力）牢牢地附着，紧贴；使感兴趣，吸引住（某人）的注意；对……产生强有力的影响
002568,19-002568-00-3,9,-,-,-,【名】 （Grip）（英、瑞典）格里普（人名）
001993,19-001993-00-1,9,n.,estates,-,财产，遗产；大片私有土地，庄园；<英>住宅区，工业区；<旧>社会阶层；（生活）状况，条件
008224,19-008224-00-1,9,adj.,-,-,有过失的；怠忽的；拖欠债务的
008224,19-008224-00-2,9,n.,,-,流氓；行为不良的人；失职者
007608,19-007608-00-1,9,n.,contingencies,-,可能发生的事，不测事件；应急措施，应急储备；应急开支；可能性，意外
007608,19-007608-00-2,9,adj.,-,-,（计划或措施）未雨绸缪的，应急的
007640,19-007640-00-1,9,v.,duplicates-duplicating-duplicated-duplicated,-,复制，复印；（无必要地）重复（某事）；使成倍增加
007640,19-007640-00-2,9,adj.,-,-,完全一样的，复制的；二重的
007640,19-007640-00-3,9,n.,duplicates,-,完全一样的东西，复制品
004818,19-004818-00-1,9,v.,resists-resisting-resisted-resisted,-,阻挡，抵制；抵抗，回击；耐得住，抵挡；使不受……的伤害，抗（伤害）
004818,19-004818-00-2,9,n.,resists,-,保护涂层（防染色、着釉等），防染材料
005505,19-005505-00-1,9,n.,stances,-,（公开表明的）观点，态度，立场；（尤指体育运动中的）站立姿势；（用来系绳索的）岩架，立足点，立脚处；街边市场，（街上小贩的）货摊，出租汽车停车处
003431,19-003431-00-1,9,n.,luxuries,-,奢华，华贵；奢侈品；不常有的乐趣，难得的享受
003431,19-003431-00-2,9,adj.,-,-,奢侈的，豪华的
003377,19-003377-00-1,9,n.,loans,-,贷款，借款；借用，借出；<苏格兰>（尤指通向开阔地的）小径；（未开垦的开阔的）挤奶牧场
003377,19-003377-00-2,9,v.,loans-loaning-loaned-loaned,-,借出，借给
001046,19-001046-00-1,9,adj.,-,-,滑稽的，好笑的；喜剧的
001046,19-001046-00-2,9,n.,comics,-,喜剧演员；连环漫画
008213,19-008213-00-1,9,v.,enacts-enacting-enacted-enacted,-,制定，通过，颁布（法令）；扮演，表演；使发生，付诸实际
001097,19-001097-00-1,9,n.,components,-,组成部分，成分，部件
001097,19-001097-00-2,9,adj.,-,-,组成的，构成的
007386,19-007386-00-1,9,n.,torrents,-,（尤指似乎无法控制的）狂潮，迸发；洪流，激流；（Torrent）（西、法、美）托伦特（人名）
007386,19-007386-00-2,9,v.,-,-,在急流中移动；通过比特流下载或上传文件
007386,19-007386-00-3,9,adj.,-,-,像急流的
007764,19-007764-00-1,9,adj.,-,-,<正式>不可更改的，不可取消的，无法挽回的
007072,19-007072-00-1,9,v.,expels-expelling-expelled-expelled,-,把……开除（或除名）；驱逐；排出（空气、水、气体等）
006342,19-006342-00-1,9,adj.,more variable-most variable,-,易变的，多变的；时好时坏的；可变的，可调节的；（数）（数字）变量的；（植，动）变异的，变型的；（齿轮）变速的
006342,19-006342-00-2,9,n.,variables,-,可变性，可变因素；（数学中的）变量，变元；（计算机）变量（元）；（天文）变星的简称；（东北信风带以北或南半球的东南信风带与西风带之间的）变风区
002140,19-002140-00-1,9,n.,faiths,-,信任，信心，信念；宗教；宗教信仰；忠诚
002140,19-002140-00-2,9,int.,-,-,<爱尔兰>用以表示惊讶或强调千真万确
002140,19-002140-00-3,9,-,-,-,【名】 （Faith）（英）费思，费丝，（匈）福伊特，（瑞典）法伊特（人名）
003561,19-003561-00-1,9,n.,metaphors,-,隐喻，暗喻；象征，标志
005394,19-005394-00-1,9,adj.,more sophisticated-most sophisticated,-,见多识广的，老练的，见过世面的；复杂巧妙的，先进的，精密的；水平高的，在行的；时尚的，精致的
005394,19-005394-00-2,9,v.,-,-,使老于世故；使（设备、技术等）更复杂先进；<古>（老练地）讲话（或推理）（sophisticate 的过去式和过去分词形式）
007125,19-007125-00-1,9,adj.,more scandalous-most scandalous,-,令人愤慨的，可耻的；丑闻的
007715,19-007715-00-1,9,n.,nutrients,-,养分，营养物
007715,19-007715-00-2,9,adj.,-,-,营养的，滋养的
007963,19-007963-00-1,9,v.,-,-,驱逐，赶出；喷射，排出；（飞行员从即将坠毁的飞机中）弹出；（磁带或光盘）弹出
003054,19-003054-00-1,9,v.,intensifies-intensifying-intensified-intensified,-,加剧，增强；增强（底片）的阻光度，增加（底片）的厚度
007159,19-007159-00-1,9,v.,corrodes-corroding-corroded-corroded,-,损害，破坏；腐蚀，侵蚀
001535,19-001535-00-1,9,adj.,-,-,不顾一切的，拼命的；极需要的，渴望的；极严重的，极危险的；绝望的，无望的；绝望的，无望的
000125,19-000125-00-1,9,adj.,-,-,足够的，适当的，合乎需要的；（品质）足够好的，令人满意的；（质量）达到要求的，勉强过关的
008175,19-008175-00-1,9,v.,blusters-blustering-blustered-blustered,-,咆哮，气势汹汹地说（但效果不大）；（风暴）呼啸；（雨）倾泻
008175,19-008175-00-2,9,n.,,-,气势汹汹的话
008019,19-008019-00-1,9,adj.,-,-,[生物] 两栖的，水陆两用的；具有双重性的
008256,19-008256-00-1,9,n.,,-,（对不同种族、宗教或性别的人所采取的）隔离并区别对待，隔离政策；隔离，分隔；（等位基因的）分离
007049,19-007049-00-1,9,n.,,-,离子
007049,19-007049-00-2,9,n.,,-,(Ion) （罗马尼亚、美）扬（人名）
007831,19-007831-00-1,9,n.,incongruities,-,不协调；不一致；不适宜
007221,19-007221-00-1,9,v.,roams-roaming-roamed-roamed,-,漫步，闲逛；（眼睛）扫视，（手）扫过；（思绪，想象力）遨游
007221,19-007221-00-2,9,n.,,-,漫步
007862,19-007862-00-1,9,n.,,-,（军事上的）伪装，隐蔽；（士兵作伪装用的）迷彩服，伪装色；（动物的）保护色，保护形状；掩饰，欺瞒
007862,19-007862-00-2,9,v.,camouflages-camouflaging-camouflaged-camouflaged,-,掩饰；伪装；掩盖（真相）；（用声音）盖过
003113,19-003113-00-1,9,adj.,-,-,看不见的，隐形的；无形的，非贸易的；被忽视的，不为人注意的
003113,19-003113-00-2,9,n.,invisibles,-,无形进出口
007076,19-007076-00-1,9,n.,recruiters,-,招聘人员，征兵人员
000617,19-000617-00-1,9,adj.,-,-,大胆自信的，敢于冒险的；冒失的，鲁莽的；明显的，轮廓突出的；粗体的，黑体的；<文>陡峭的
000617,19-000617-00-2,9,n.,,-,黑体，粗体
000617,19-000617-00-3,9,-,-,-,【名】 （Bold）（英、德、罗、捷、瑞典）博尔德（人名）
008272,19-008272-00-1,9,n.,,-,区分，差异化
005733,19-005733-00-1,9,v.,swaps-swapping-swapped-swapped,-,交换，交易； 用……替换，把……换成；交换（工作或岗位）； 交流（各自的经历、想法等）；停下（手头的事）改做
005733,19-005733-00-2,9,n.,swaps,-,交易，交换；交易物，交换物；交换工作；（财政）换期，互惠信贷
002021,19-002021-00-1,9,v.,exaggerates-exaggerating-exaggerated-exaggerated,-,夸大，言过其实；使扩大
007472,19-007472-00-1,9,adj.,-,-,神圣的，神圣化的
007153,19-007153-00-1,9,adj.,scantier或more scanty-scanties或most scanty,-,少量的，不足的；（衣服）暴露的，紧（身）的
007153,19-007153-00-2,9,n.,scanties,-,<非正式>女式小短裤（或衬裤）（scanties）
007568,19-007568-00-1,9,n.,,-,醒悟，清醒；不抱幻想
000611,19-000611-00-1,9,v.,boasts-boasting-boasted-boasted,-,有（值得自豪的东西）；吹嘘，夸耀
000611,19-000611-00-2,9,n.,boasts,-,夸耀，自吹自擂，感到自豪的事
000611,19-000611-00-3,9,-,-,-,【名】 (Boast)（英）博斯特（人名）
008347,19-008347-00-1,9,n.,-,-,停止，停顿
006367,19-006367-00-1,9,adj.,more vertical-most vertical,-,垂直的，直立的；纵向的；不同层次（或等级）的；（某类产品从生产到销售各个阶段）纵向结构的；（尤指疾病或遗传特性传递）代代相传的；（解剖）颅顶的，头顶的；<古>顶点的，最高点的
006367,19-006367-00-2,9,n.,verticals,-,垂直线，垂直面，竖直位置；竖杆；垂直高度差
007530,19-007530-00-1,9,v.,redresses-redressing-redressed-redressed,-,纠正；重新放直；重新调整，使恢复（平衡）；赔偿；救济
007530,19-007530-00-2,9,n.,-,-,赔偿；矫正；救济
004811,19-004811-00-1,9,n.,residences,-,住宅，住所；居住，定居；（在某国的）居住权，居留许可；（大学的）学生宿舍楼
007169,19-007169-00-1,9,n.,-,-,[生物] 休眠，冬眠；[生物] 蛰伏
007973,19-007973-00-1,9,adj.,-,-,<非正式>炎热的；（批评）严厉的，尖刻的；<非正式>飞快的；过早硫化的
007973,19-007973-00-2,9,v.,-,-,烧灼，炙烤；烧焦，烫坏；飞快移动，急驶（scorch 的现在分词）
004346,19-004346-00-1,9,adj.,-,-,明显的；占主导地位的，占支配地位的
000291,19-000291-00-1,9,n.,antibiotics,-,抗生素，抗菌素
000291,19-000291-00-2,9,adj.,-,-,（与）抗生素（有关）的，（与）抗菌素（有关）的
007732,19-007732-00-1,9,n.,discords,-,意见分歧，不和；不和谐音，不协和弦
007732,19-007732-00-2,9,v.,discords-discording-discorded-discorded,-,<古>（人）有不同意见；（事物）不一致，不协调
007732,19-007732-00-3,9,-,-,-,【名】 （Discord）（法）迪斯科尔（人名）
007984,19-007984-00-1,9,adj.,-,-,可吃的
007984,19-007984-00-2,9,n.,-,-,食物（常用复数）
007511,19-007511-00-1,9,v.,dispenses-dispensing-dispensed-dispensed,-,发放，分配；提供，施予；配（药），发（药）
007579,19-007579-00-1,9,n.,meteorologies,-,气象状态，气象学
006340,19-006340-00-1,9,v.,vanishes-vanishing-vanished-vanished,-,突然不见，消失；不复存在，灭绝；（数学）变为零；使不见，使消失
006340,19-006340-00-2,9,n.,-,-,弱化音
006354,19-006354-00-1,9,n.,veils,-,面纱，面罩；（修女的）头巾；遮盖物，掩饰，借口；避而不谈（难堪或不愉快的）某事；（古犹太教）圣布；（植）菌幕；（穆斯林国家妇女）带面纱的习俗
006354,19-006354-00-2,9,v.,veils-veiling-veiled-veiled,-,以面纱掩盖；遮盖，掩饰
006354,19-006354-00-3,9,-,-,-,【名】 （Veil）（法）韦伊，（德）法伊尔（人名）
007826,19-007826-00-1,9,vt.,-,-,使窒息；抑制；（用灰等）闷熄；忍住
007826,19-007826-00-2,9,vi.,-,-,窒息；被抑制；闷死
007826,19-007826-00-3,9,n.,-,-,窒息状态；令人窒息的浓烟
008060,19-008060-00-1,9,n.,doves,-,鸽子；鸽派人士，主和派人士
008060,19-008060-00-2,9,n.,doves,-,（Dove）（基督教艺术作品和诗歌中的）圣灵
008060,19-008060-00-3,9,v.,-,-,跳水；潜水；突然大幅贬值，暴跌（dive 的过去式和过去分词）
008060,19-008060-00-4,9,-,-,-,【名】 （Dove）（美）达夫（人名）
002852,19-002852-00-1,9,adj.,-,-,极大的，巨大的；非常好，极好；无边无际的
007827,19-007827-00-1,9,adj.,-,-,（基于）假设的，假定的
007827,19-007827-00-2,9,n.,hypotheticals,-,假设命题，假设陈述
007700,19-007700-00-1,9,n.,stashes,-,藏匿处；藏匿物
007700,19-007700-00-2,9,vt.,-,-,存放；贮藏
007700,19-007700-00-3,9,vi.,-,-,存放；藏起来
005028,19-005028-00-1,9,n.,schedules,-,计划（表），进度表；<美>（公共汽车、火车等的）时间表；（价目、费用等的）清单，一览表；（电视或电台的）节目表；<美>（学校的）课程表；<法律> 附件（尤指表格、单据等）；（英国所得税制的）报税单
005028,19-005028-00-2,9,v.,schedules-scheduling-scheduled-scheduled,-,安排，预定；列入，收进（正式目录、清单等中）；<英> 把（建筑物）列为文物保护单位
007820,19-007820-00-1,9,n.,-,-,潮气，水分
008274,19-008274-00-1,9,adj.,-,-,扩散性的，侵入的；切入的，开刀的
002398,19-002398-00-1,9,adj.,-,-,令人懊恼的，令人沮丧的
002398,19-002398-00-2,9,v.,-,-,使懊恼，使沮丧；挫败，阻挠；受挫（frustrate 的现在分词形式）
002942,19-002942-00-1,9,v.,indulges-indulging-indulged-indulged,-,沉湎，沉溺；纵容，迁就；满足（情感、兴趣、欲望等）；参加，参与（尤指违法活动）
007946,19-007946-00-1,9,n.,crescents,-,新月形，月牙形；新月（伊斯兰教的象征）；<史>伊斯兰（或奥斯曼帝国）政权（the Crescent）；新月形街道（尤用于街道名称）；新月形纹章（尖端通常向上，也作为家族次子的标志）；新月斑，翅蝶（或蛾）
007946,19-007946-00-2,9,adj.,-,-,新月形的，月牙形的；<文>成长中的，发展中的，逐渐增加的
007946,19-007946-00-3,9,-,-,-,【名】 （Crescent）（法）克雷桑（人名）
004690,19-004690-00-1,9,n.,referees,-,（比赛的）裁判员；仲裁员，调解人；<英>（求职等时的）证明人，介绍人；（刊登前鉴定文章的）审阅人，（拨款前鉴定研究计划的）鉴定专家
004690,19-004690-00-2,9,v.,referees-refereeing-refereed-refereed,-,（给……）当裁判；（给……）做仲裁员，（给……）做调解人；审阅，鉴定（专业性强的文章）
004139,19-004139-00-1,9,adj.,more perfect-most perfect,-,无瑕的，完好的；完全正确的，极其准确的；完美的，理想的；最佳的，绝配的；十足的，完全的；通常的，大体的；（语法）完成时的，完成式的；（数字）完全的；（花）有雌雄蕊的；（昆虫）性成熟的；（真菌）有性孢子形成阶段的，有性的；完成时的，完成式的
004139,19-004139-00-2,9,v.,perfects-perfecting-perfected-perfected,-,完善，使完美；双面印完（一页纸）；<法律>使（礼物、头衔等）合法转移
004139,19-004139-00-3,9,n.,-,-,（语法）完成时，完成体
004139,19-004139-00-4,9,-,-,-,【名】 （Perfect）（美、爱、英）珀费克特（人名）
000228,19-000228-00-1,9,adj.,-,-,轮流的，交替的；间隔的；供选择的，备用的；（叶，芽）互生的；另类的
000228,19-000228-00-2,9,v.,alternates-alternating-alternated-alternated,-,（使）交替，（使）轮流
000228,19-000228-00-3,9,n.,alternates,-,替补者，候补者
003123,19-003123-00-1,9,adj.,more irrational-most irrational,-,非理性的，不合逻辑的，荒谬的；无理的
003123,19-003123-00-2,9,n.,irrationals,-,无理数
007914,19-007914-00-1,9,adv.,-,-,一字不差地，逐字地
007914,19-007914-00-2,9,adj.,-,-,一字不差的，逐字的
002929,19-002929-00-1,9,n.,indications,-,指示，标示；象征，暗示，迹象
003706,19-003706-00-1,9,adj.,-,-,相互的，彼此的；共同的，共有的；（保险公司、建筑协会等）互助的
003706,19-003706-00-2,9,n.,-,-,互助公司
007296,19-007296-00-1,9,n.,larvae或larvas,-,[水产] 幼体，[昆] 幼虫
007296,19-007296-00-2,9,n.,larvae或larvas,-,（Larva）（芬、捷）拉尔瓦（人名）
007091,19-007091-00-1,9,v.,expels-expelling-expelled-expelled,-,把……开除（或除名）；驱逐；排出（空气、水、气体等）
005888,19-005888-00-1,9,adj.,-,-,理论的；理论上存在的，假设的
007088,19-007088-00-1,9,v.,devotes-devoting-devoted-devoted,-,献身，致力；用于
008182,19-008182-00-1,9,adj.,-,-,无缺点的；清白的
003561,19-003561-00-1,9,n.,metaphors,-,隐喻，暗喻；象征，标志
004438,19-004438-00-1,9,n.,profiles,-,（人头部的）侧面（像），侧影；（某物的）外形，轮廓；（人、团体或组织的）简介，概况；（人或组织的）形象，姿态；纵断面，剖面；（地球表面纵断面的）轮廓（如河流走向）；（舞台的）平面布景；（以数量形式记录事物特点的）曲线图，数据图表；（记载个人心理或行为特点、喜好等的）档案
004438,19-004438-00-2,9,v.,profiles-profiling-profiled-profiled,-,概述，扼要介绍；给……画侧面像，显出……侧面轮廓；显出……的轮廓（be profiled）；（尤指用模板）铣出轮廓，使……成形
005505,19-005505-00-1,9,n.,stances,-,（公开表明的）观点，态度，立场；（尤指体育运动中的）站立姿势；（用来系绳索的）岩架，立足点，立脚处；街边市场，（街上小贩的）货摊，出租汽车停车处
007779,19-007779-00-1,9,n.,infirmities,-,（尤指老年的）体弱，病弱；（长期的）疾病，病症；缺点
002237,19-002237-00-1,9,adj.,-,-,有限的，有限制的；限定的
002237,19-002237-00-2,9,n.,-,-,有限之物
007365,19-007365-00-1,9,n.,milestones,-,重要事件，转折点；里程碑，里程标
007365,19-007365-00-2,9,-,-,-,【名】  (Milestone) 迈尔斯通（人名）
008130,19-008130-00-1,9,n.,torments,-,（肉体、精神上的）折磨，痛苦；使人痛苦的人（物）
008130,19-008130-00-2,9,v.,torments-tormenting-tormented-tormented,-,使痛苦，折磨；骚扰，捉弄
007440,19-007440-00-1,9,adj.,-,-,（疾病）大规模流行的
007440,19-007440-00-2,9,n.,pandemics,-,<正式>大流行病
002031,19-002031-00-1,9,prep.,-,-,除……外，不包括
002031,19-002031-00-2,9,conj.,-,-,除了，只是；要不是
002031,19-002031-00-3,9,v.,excepts-excepting-excepted-excepted,-,不包括，把……排除在外
008191,19-008191-00-1,9,adj.,-,-,缺乏，完全没有
008325,19-008325-00-1,9,n.,observatories,-,天文台，气象台；视野开阔的位置（或建筑物）
004408,19-004408-00-1,9,adj.,-,-,先前的，事先的；<正式>优先的，更重要的；<正式>在前面的（prior to）
004408,19-004408-00-2,9,n.,priors,-,<美，非正式>犯罪前科；小修道院院长；大修道院副院长；托钵会会长
004408,19-004408-00-3,9,-,-,-,【名】 （Prior）（美）普廖尔（人名）
005561,19-005561-00-1,9,n.,storeys,-,楼层，层
005561,19-005561-00-2,9,-,-,-,【名】 （Storey）（西、瑞典）斯托雷，（英）斯托里 （人名）
007377,19-007377-00-1,9,v.,depletes-depleting-depleted-depleted,-,大量减少，耗尽
007171,19-007171-00-1,9,n.,purchasers,-,买方；购买者
002103,19-002103-00-1,9,adj.,-,-,外部的，外面的；对外的，与外国有关的；外来的，外聘的；（药品等类似物质）外用的
002103,19-002103-00-2,9,n.,externals,-,外表，外部特征
007327,19-007327-00-1,9,n.,turbines,-,涡轮机，汽轮机
007486,19-007486-00-1,9,n.,toxicities,-,[毒物] 毒性
007849,19-007849-00-1,9,adj.,more rigorous-most rigorous,-,（测试、系统或程序）严密的，缜密的；（规则，制度等）严格的，苛刻的；一丝不苟的；严酷的，恶劣的
003326,19-003326-00-1,9,n.,liberties,-,自由，自由权；（某种）合法权利；冒犯行为（或言语），失礼；意志自由，选择自由；<非正式> 自以为是的言语，专断的行动；（水手的）上岸休假
003326,19-003326-00-2,9,-,-,-,【名】 （Liberty）（英）利伯蒂（人名）
007813,19-007813-00-1,9,n.,comprehensions,-,理解力，领悟力；（听力或阅读）理解测试；包括，包含
007976,19-007976-00-1,9,n.,beverages,-,饮料
001225,19-001225-00-1,9,n.,conventions,-,习俗，惯例；大会，集会；公约，协定；（文学、艺术上的）传统手法，传统风格
000829,19-000829-00-1,9,adj.,more casual-most casual,-,休闲的，便装的；随便的，非正式的；漫不经心的，随意的；临时的，短期的；碰巧的，偶然的；不认真的，马虎的；不定期的，偶尔的；感情不深的，疏远的
000829,19-000829-00-2,9,n.,casuals,-,便服，便装（casuals）；临时工；<英>散漫青年；待命士兵
007249,19-007249-00-1,9,n.,-,-,剽窃，抄袭；剽窃作品
001016,19-001016-00-1,9,n.,coincidences,-,巧合，同时发生；相符，一致；符合
000583,19-000583-00-1,9,adj.,-,-,奇异的，古怪的
000229,19-000229-00-1,9,n.,alternatives,-,可供选择的事物，替代物
000229,19-000229-00-2,9,adj.,-,-,可替代的，备选的；非传统的，另类的；（两者）互不相容的，非此即彼的
000229,19-000229-00-1,9,n.,alternatives,-,可供选择的事物，替代物
000229,19-000229-00-2,9,adj.,-,-,可替代的，备选的；非传统的，另类的；（两者）互不相容的，非此即彼的
008159,19-008159-00-1,9,adj.,-,-,污秽的
008159,19-008159-00-2,9,v.,-,-,弄脏；玷污（begrime 的过去分词）
008303,19-008303-00-1,9,adj.,-,-,对……过敏的；过敏引起的，过敏性的；对……极其反感的
008363,19-008363-00-1,9,adj.,-,-,知觉的，感知的
003047,19-003047-00-1,9,adj.,more intellectual-most intellectual,-,智力的，理智的；才智超群的；需智力的；思想的，思维的
003047,19-003047-00-2,9,n.,intellectuals,-,知识分子
005590,19-005590-00-1,9,v.,strikes-striking-struck-struck或stricken,-,"击，撞；（用手或武器等）打；罢工；突然想到，突然意识到；突击，袭击，进攻；（疾病、灾难等）侵袭；让（某人）觉得；引起（强烈感情）；达成，达到；行进；（时钟）敲响；发现（黄金，矿物，石油）；铸造，冲制；删除；踢球，击球；使处于特定状态；摆出（姿态）；照在……上；弹奏，奏出；划（火柴）, 击出（火星）；拆除（帐篷、帆等）；生根，附着；（渔）急拉钓线把鱼钩住；来到"
005590,19-005590-00-2,9,n.,strikes,-,罢工，罢市，罢课；袭击，攻击；击，踢；（石油等宝贵资源的）发现；（投出的）好球；（棒球中的）击空；（十柱保龄球）一投全倒；不利因素；拒绝，抗拒；（地层、断层等地质特征的）走向
005590,19-005590-00-3,9,-,-,-,【名】 （Strike）（美、俄、秘）斯特赖克（人名）
007580,19-007580-00-1,9,n.,-,-,推销；销售规划
007580,19-007580-00-2,9,v.,-,-,推销；经营（merchandise 的 ing 形式）
000131,19-000131-00-1,9,n.,administrations,-,管理，行政；管理部门，行政部门；（某一任期的）政府；执行，监管；（药的）服用，配给；遗产管理，（债务人、其他个人或破产公司的）资产管理
005598,19-005598-00-1,9,v.,strolls-strolling-strolled-strolled,-,散步，闲逛；（体育比赛）轻而易举地获胜
005598,19-005598-00-2,9,n.,strolls,-,散步，溜达；（竞赛中）轻易的胜利
007978,19-007978-00-1,9,n.,localities,-,（特定的）地方，地区
007214,19-007214-00-1,9,adj.,-,-,同种类的，同性质的；齐性的，齐次的；同形态（固态、液态或气态）的
000676,19-000676-00-1,9,v.,breeds-breeding-bred-bred,-,交配繁殖；饲养，培育；养育，培养；引起，酿成；（通过核反应）增殖可裂变物质
000676,19-000676-00-2,9,n.,breeds,-,品种；（人的）类型，种类
000676,19-000676-00-3,9,-,-,-,【名】 （Breed）（美）布里德（人名）
007716,19-007716-00-1,9,n.,pastures,-,牧场，牧草地；生活状况，个人发展的机遇
007716,19-007716-00-2,9,v.,pastures-pasturing-pastured-pastured,-,放牧；（牛、羊等）在草地上吃草
007716,19-007716-00-3,9,-,-,-,【名】 （Pasture）（英）帕斯彻，（法）帕斯蒂尔（人名）
001645,19-001645-00-1,9,adj.,-,-,谨慎的，周到的；小巧的，不引人注意的
007573,19-007573-00-1,9,n.,installments,-,安装；分期付款；部分；就职
007872,19-007872-00-1,9,n.,-,-,高级官员，政界要员；（中文）普通话；（旧时中国的）官吏；柑橘；橘树；（用作传统中式服装饰件的）摆头人
005123,19-005123-00-1,9,adj.,-,-,单独的，分开的；不同的，不相关的
005123,19-005123-00-2,9,v.,separates-separating-separated-separated,-,（使）分离；（把……）分成不同部分；隔开，阻隔；（夫妻）分居，（同居情侣）分手；区分，区别；<美>解雇，辞退
005123,19-005123-00-3,9,n.,separates,-,可搭配穿着的单件衣服（separates）；独立音响设备（separates）；（按照颗粒大小、矿物组成等标准的）土壤划分（separates）
007358,19-007358-00-1,9,adj.,-,-,易受攻击的，有隙可乘的
007343,19-007343-00-1,9,n.,conquests,-,征服，占领；占领地，征服的土地；克服，攻克；爱情的俘虏
007343,19-007343-00-2,9,-,-,-,【名】 （Conquest）（英）康奎斯特（人名）
008333,19-008333-00-1,9,n.,-,-,花言巧语，浮夸之词；修辞，修辞学
008145,19-008145-00-1,9,vt.,-,-,使疏远；离间
007028,19-007028-00-1,9,adj.,-,-,有过失的；怠忽的；拖欠债务的
007028,19-007028-00-2,9,n.,-,-,流氓；行为不良的人；失职者
000573,19-000573-00-1,9,n.,biographies,-,传记，传记文学；生平
003122,19-003122-00-1,9,n.,ironies,-,（出乎意料的）奇异可笑之处，具有讽刺意味的情况；反语，讽刺
003122,19-003122-00-2,9,adj.,-,-,铁的；含铁的；似铁的
008314,19-008314-00-1,9,adj.,-,-,刺耳的；不谐和的；不调和的
002977,19-002977-00-1,9,n.,ingredients,-,（食品的）成分，原料；要素，因素
002977,19-002977-00-2,9,adj.,-,-,构成组成部分的
006082,19-006082-00-1,9,adj.,-,-,部落的，部族的；；<贬>有组成集团倾向的，集团意识强的； 部落的，部族的
006082,19-006082-00-2,9,n.,-,-,（尤指印度次大陆的）部落成员（tribals）
006082,19-006082-00-3,9,-,-,-,【名】 （Tribal）（法）特里巴尔（人名）
003630,19-003630-00-1,9,adj.,more moderate-most moderate,-,普通的，中等的；不偏激的，温和的；有节制的，不过分的；（变化）不大的，有限的
003630,19-003630-00-2,9,v.,moderates-moderating-moderated-moderated,-,缓和，使适中；主持（讨论或会议）；审核评分（查看不同阅卷人所打分数是否公平一致）；（物理）使（中子）减速
003630,19-003630-00-3,9,n.,moderates,-,持温和政见者
000285,19-000285-00-1,9,adv.,-,-,每年，一年一次地
008139,19-008139-00-1,9,v.,incinerates-incinerating-incinerated-incinerated,-,把……烧成灰烬，焚毁
007394,19-007394-00-1,9,n.,glossaries,-,词汇表，术语表；专门词典
007780,19-007780-00-1,9,n.,retrenchments,-,节省；删除
001174,19-001174-00-1,9,adj.,more constant-most constant,-,持续不断的，经常发生的；恒定的，不变的；忠诚的，忠实的
001174,19-001174-00-2,9,n.,constants,-,常数，恒量；不变的事物
001174,19-001174-00-3,9,-,-,-,【名】 （Constant） （德）康斯坦特（人名）
001493,19-001493-00-1,9,vt.,-,-,拆毁，拆除（建筑物）；（意外）毁坏，破坏；推翻，驳倒（观点或理论）；<非正式>轻易击败，完胜；<非正式>狼吞虎咽地吃，很快吃光；伤害（感情），破坏（计划）
008112,19-008112-00-1,9,v.,wrestles-wrestling-wrestled-wrestled,-,（与某人）摔跤，扭打；使劲搬动，用力操作；努力解决，艰难对付
008112,19-008112-00-2,9,n.,-,-,摔跤，角力；艰苦的斗争，搏斗
008180,19-008180-00-1,9,v.,hampers-hampering-hampered-hampered,-,阻碍，妨碍
008180,19-008180-00-2,9,n.,hampers,-,（尤指装食物用的）带盖大篮子；（装有各种食品的）礼物篮；<美>脏衣篓；障碍船具
007422,19-007422-00-1,9,n.,sediments,-,沉淀物，沉渣；（最终形成岩石层的沙、石等）沉积物
007422,19-007422-00-2,9,v.,sediments-sedimenting-sedimented-sedimented,-,（液体）沉淀；沉积
007590,19-007590-00-1,9,adj.,more complementary-most complementary,-,相互补充的，相辅相成的；互补色的；（基因序列、核苷酸等）互补的；（与）补充医学（有关）的；余角的，互为余角的
002656,19-002656-00-1,9,n.,headquarters,-,总部，总公司；司令部，指挥部
008089,19-008089-00-1,9,n.,autobiographies,-,自传；自传体写作
008077,19-008077-00-1,9,n.,concords,-,和谐；和睦；一致；协调
008229,19-008229-00-1,9,adj.,-,-,爱交际的，合群的；（动物）群居的；（植物）聚生的
007285,19-007285-00-1,9,v.,devastates-devastating-devastated-devastated,-,毁坏，破坏；使极度震惊，使伤心欲绝
006055,19-006055-00-1,9,v.,transmits-transmitting-transmitted-transmitted,-,播送，传输，发射；传递，传达（思想、情感）；传播，传染（病毒、疾病等）；传导（声、电等），透（光等）
005376,19-005376-00-1,9,adj.,more solitary-most solitary,-,独自的，单独的；偏僻的，孤立的；独自完成的；（人或动物）独处的，独居的；（花或其他部分）单生的；唯一的，仅有的
005376,19-005376-00-2,9,n.,solitaries,-,单独监禁；独居者，隐士
007199,19-007199-00-1,9,n.,reinforcements,-,援兵，增援部队（reinforcements）；加强，加固；加固物，强化剂；（尤指通过鼓励或奖赏的）加深，增进，强化；回应
002760,19-002760-00-1,9,adj.,-,-,好客的，热情友好的；环境适宜的；乐于接受的
008131,19-008131-00-1,9,vt.,-,-,狂饮；暴食
008131,19-008131-00-2,9,vi.,-,-,狂饮；暴食；狼吞虎咽
008131,19-008131-00-3,9,n.,-,-,狂饮；豪饮作乐
008131,19-008131-00-4,9,n.,-,-,（Guzzle）人名；（英）古兹尔
007157,19-007157-00-1,9,vt.,-,-,逐出，驱逐；使……移动；用力移动
007157,19-007157-00-2,9,vi.,-,-,驱逐，逐出；离开原位
005893,19-005893-00-1,9,n.,therapies,-,治疗，疗法；心理治疗；（对身心健康）有裨益的活动
004476,19-004476-00-1,9,v.,prosecutes-prosecuting-prosecuted-prosecuted,-,起诉，控告，检举；（律师在法庭上）指控，公诉；<正式>继续（尤指战争）；<古>继续从事（某职业），追求
003592,19-003592-00-1,9,n.,ministries,-,（政府的）部，部办公楼；（全体）牧师；神职，神职任期；一任首相的执政期；照料，服务
007499,19-007499-00-1,9,vt.,-,-,（使）同步；对准（钟，表）；相符；（电脑）同步化
007003,19-007003-00-1,9,adv.,-,-,定期地，周期性地；偶尔，间歇
002903,19-002903-00-1,9,n.,inclinations,-,倾向，意愿；趋向，趋势；斜坡，斜度；轻微向下的动作；轨道交角
007726,19-007726-00-1,9,v.,proclaims-proclaiming-proclaimed-proclaimed,-,（正式）宣告，（公开）声明；强调，声称；（标志或通知）宣传，告知；清楚表明，显示
007287,19-007287-00-1,9,adj.,-,-,痉挛的，痉挛性的；间歇性的
003715,19-003715-00-1,9,adj.,-,-,裸露的，无遮盖的；肉眼的；裸体的，不穿衣服的；露骨的，明显的；缺乏保护的，无力自卫的；（动物）没有皮毛的，没有羽毛的；公然的
008364,19-008364-00-1,9,vi.,-,-,变化，产生突变
008364,19-008364-00-2,9,vt.,-,-,改变，使突变
007507,19-007507-00-1,9,n.,-,-,陶器；瓦器；土器
004677,19-004677-00-1,9,v.,rectifies-rectifying-rectified-rectified,-,<正式>纠正，矫正；整流，把（交流电）转变成直流电；蒸馏；求曲线的直线等长
007938,19-007938-00-1,9,adj.,-,-,无伪装的；公开的；不戴假面具的
001922,19-001922-00-1,9,v.,endorses-endorsing-endorsed-endorsed,-,（公开）赞同，认可；（在广告中对某种产品）宣传，吹捧；（尤指在支票背面）签名，背书；(在驾驶执照上)记录违章事项
001082,19-001082-00-1,9,v.,compiles-compiling-compiled-compiled,-,汇编，编纂；编译（电脑程式）；收集，搜集（信息，资料）；累积（得分）
007427,19-007427-00-1,9,adj.,-,-,课外的；工作之外的，婚姻之外的
007261,19-007261-00-1,9,v.,orientates-orientating-orientated-orientated,-,朝向，面向；确定方向；使熟悉，适应；以……为重点（同 orient）
000966,19-000966-00-1,9,n.,clauses,-,从句，分句；（法律文件的）条款
000966,19-000966-00-2,9,-,-,-,【名】 （Clause）（法）克洛斯（人名）
007936,19-007936-00-1,9,adj.,more caustic-most caustic,-,[化学] 腐蚀性的；[化学] 苛性的；刻薄的；焦散的
007936,19-007936-00-2,9,n.,caustics,-,[助剂] 腐蚀剂；苛性钠；焦散曲线
005618,19-005618-00-1,9,adj.,more stylish-most stylish,-,时髦的，流行的，有格调的；潇洒的
002878,19-002878-00-1,9,v.,imposes-imposing-imposed-imposed,-,强制推行，强制实行；把（自己的观点、信仰等）强加于；打扰，麻烦；把（活字页）拼版；欺骗
007911,19-007911-00-1,9,adj.,more interdependent-most interdependent,-,相互依赖的；互助的
003563,19-003563-00-1,9,adj.,-,-,一丝不苟的，注意细节的
008304,19-008304-00-1,9,n.,-,-,不可侵犯；神圣
003368,19-003368-00-1,9,n.,litters,-,（公共场所内乱扔的）垃圾，废弃物；一堆杂乱的东西；（同时出生的）一窝（小动物）；猫砂；（森林里的）落叶，落叶层；（家畜睡觉用的）褥草，垫草；轿子；担架
003368,19-003368-00-2,9,v.,litters-littering-littered-littered,-,散乱覆盖；（在公共场所）乱扔（垃圾）；使（某事物）充满；（狗、猫等动物）产仔；<古>（为马或其他动物）铺褥草
003368,19-003368-00-3,9,-,-,-,【名】 （Litter）（匈、德）利特（人名）
008173,19-008173-00-1,9,n.,orbits,-,（环绕地球、太阳等运行的）轨道；势力范围，影响范围；眼眶，眼窝
008173,19-008173-00-2,9,v.,orbits-orbiting-orbited-orbited,-,沿轨道运行，环绕……运行；使（卫星）进入轨道
008283,19-008283-00-1,9,adj.,-,-,（动作）敏捷的，灵活的；（思维）机敏的，机灵的；表示项目管理方法的
004840,19-004840-00-1,9,v.,restores-restoring-restored-restored,-,恢复（某种情况或感受）；使复原，使复位；修复，整修；重新采用，恢复使用；归还
007163,19-007163-00-1,9,adj.,-,-,装饰性的，作点缀的
007163,19-007163-00-2,9,n.,ornamentals,-,观赏植物；装饰品
007866,19-007866-00-1,9,v.,perpetuates-perpetuating-perpetuated-perpetuated,-,使持续，使长久（尤指不好的事物）
005629,19-005629-00-1,9,n.,substitutes,-,替代品，代替物；（体育比赛中的）替补队员；令人满意的替代物，与之媲美的事物；<苏格兰，法律>副职
005629,19-005629-00-2,9,v.,substitutes-substituting-substituted-substituted,-,用……代替；（比赛中）替换（运动员）；代替（某人的工作）；（化）取代（分子中的一个或一组原子，尤指氢原子）
005629,19-005629-00-3,9,adj.,-,-,替代性的
004758,19-004758-00-1,9,n.,remedies,-,解决方法，纠正方法；法定补偿（办法）；治疗（法），药品；（硬币的）公差
004758,19-004758-00-2,9,v.,remedies-remedying-remedied-remedied,-,补救，纠正；治疗
007147,19-007147-00-1,9,v.,nourishes-nourishing-nourished-nourished,-,养育，滋养；培养，怀有（感情、信念等）
008355,19-008355-00-1,9,adj.,-,-,缺乏，完全没有
007788,19-007788-00-1,9,n.,marbles,-,大理石；大理石雕像；（玻璃）弹珠，弹球游戏；<非正式>理智，智力
007788,19-007788-00-2,9,adj.,-,-,冷酷无情的；大理石的
007788,19-007788-00-3,9,v.,marbles-marbling-marbled-marbled,-,使……显得斑驳，使……有大理石花纹
007788,19-007788-00-4,9,-,-,-,【名】 （Marble）（英）马布尔（人名）
005014,19-005014-00-1,9,adj.,scarcer或more scarce-scarcest或most scarce,-,缺乏的，不足的；稀有的，少见的；故意缺席的
005014,19-005014-00-2,9,adv.,-,-,<文>几乎不
007290,19-007290-00-1,9,v.,scrapes-scraping-scraped-scraped,-,（用小刀等）刮除；（使）刮擦；擦伤，刮坏；（使）发出刺耳的刮擦声；勉强维持，艰难地完成；勉强维持生活（scrape by/along）；勉强通过；（艰难地）凑集，积累（scrape sth. together/up）；节俭；挖坑，挖洞； 把头发拢在后面（scrape sth. back）；（幽默）不入调地演奏小提琴；<英>在面包上涂一层薄薄的（黄油，人造黄油）；用程序从网上下载（数据）
007290,19-007290-00-2,9,n.,scrapes,-,擦伤，擦痕；刮擦，刮擦声；<非正式>困境，窘境；地面空洞处，（尤指鸟求爱、筑巢时）在地面挖的洞；<英>涂在面包上的一层黄油（或麦琪淋）；<非正式>（医）刮宫
001221,19-001221-00-1,9,n.,controversies,-,争论，争议
004747,19-004747-00-1,9,adj.,more religious-most religious,-,宗教的，与宗教相关的；笃信宗教的，虔诚的；极其严谨的，十分认真的；<非正式>小心的，谨慎的 ；<非正式>对……很感兴趣的，热衷……的
004747,19-004747-00-2,9,n.,religious,-,修士，修女
001834,19-001834-00-1,9,adj.,-,-,可食用的
001834,19-001834-00-2,9,n.,edibles,-,食物
003476,19-003476-00-1,9,n.,margins,-,页边空白；差额，幅度；盈余，利润；余地，备用的时间（或空间、金钱等）；边缘，非主体部分；保证金，押金；<澳新>额外报酬
003476,19-003476-00-2,9,v.,margins-margining-margined-margined,-,给……加上边；预付定金，交押金；<古>页边做注释或总结
003476,19-003476-00-3,9,-,-,-,【名】 （Margin）（俄、意）马尔金（人名）
001981,19-001981-00-1,9,n.,-,-,侵蚀，腐蚀；削弱，降低；糜烂
007635,19-007635-00-1,9,n.,hemispheres,-,（地球的）半球；脑半球；（球体的）一半
001266,19-001266-00-1,9,adj.,cosier-cosiest,-,温暖舒适的；愉快的，友好的；密切的，相互勾结的；轻易得到的；避免困难的，自满的
001266,19-001266-00-2,9,n.,cosies,-,保暖罩
001266,19-001266-00-3,9,v.,cosies-cosying-cosied-cosied,-,献殷勤，取悦
007370,19-007370-00-1,9,n.,-,-,表层土；上层土
007098,19-007098-00-1,9,n.,consignments,-,发送的货物，运送物；发送，投递；寄售，寄卖；委托，托付
007987,19-007987-00-1,9,v.,calibrates-calibrating-calibrated-calibrated,-,校准，标定（测量仪器等）；精确测量，准确估量；调整（实验结果），调节
003019,19-003019-00-1,9,v.,inspects-inspecting-inspected-inspected,-,检查，审视；检阅，视察；进行检查，进行视察
007138,19-007138-00-1,9,n.,inlets,-,小湖湾，小河湾；（空气、气体或液体进入机器等的）进口，入口；（主要指成衣业及女装业）嵌片
007138,19-007138-00-2,9,v.,inlets-inletting-inlet-inlet,-,嵌入，插入
005465,19-005465-00-1,9,n.,sponsors,-,赞助者，赞助商；（培训或教育的）资助者；（慈善活动的）捐款者，捐资机构；法案的倡议者；担保人，保证人；（宗教事宜中的）引领人
005465,19-005465-00-2,9,v.,sponsors-sponsoring-sponsored-sponsored,-,赞助（活动、节目等）； 为慈善活动捐资，为义赛捐款；倡议，提交（法案等）；主办，促成；纵容；为……担保
007758,19-007758-00-1,9,n.,colonies,-,殖民地；殖民团，移民队；聚集人群，聚居地（区）；群体，群落；（统称）英属殖民地；（美国独立前的）北美十三州
007865,19-007865-00-1,9,n.,configurations,-,布局，构造；配置
007578,19-007578-00-1,9,n.,compatriots,-,同胞，同国人；同事，伙伴
001980,19-001980-00-1,9,v.,erodes-eroding-eroded-eroded,-,侵蚀，腐蚀；削弱，降低
007907,19-007907-00-1,9,n.,indulgences,-,沉溺，沉迷；纵容，放纵；嗜好，享受；宽容，包涵；（中世纪时罗马天主教会授予的）特赦，赦免；付款延期，偿债延期
007416,19-007416-00-1,9,n.,sinews,-,筋；肌腱；体力；精力
007416,19-007416-00-2,9,vt.,-,-,加强；使牢固
007128,19-007128-00-1,9,v.,gropes-groping-groped-groped,-,摸索；摸索着走；探索，努力寻求；猥亵，乱摸
007128,19-007128-00-2,9,n.,gropes,-,摸，猥亵
007128,19-007128-00-3,9,-,-,-,【名】 （Grope）（德）格罗佩（人名）
006583,19-006583-00-1,9,v.,withstands-withstanding-withstood-withstood,-,顶住，抵住；经受住，承受住（攻击、批评等）；反抗
007044,19-007044-00-1,9,v.,-,-,（表示不愿意讲话时）发出哼声，嘟哝着说；发出咕噜声
007044,19-007044-00-2,9,n.,-,-,（人或动物的）呼噜声，咕哝声；<非正式>干重体力活工资低的工人；<美，非正式>（步兵或海军陆战队中的)）低等兵；石鲈鱼；<英，非正式>（尤指机动车辆的）动力；一种浆果面饼甜点
007044,19-007044-00-3,9,-,-,-,【名】 （Grove）（俄、捷、波、美）格伦特（人名）
007983,19-007983-00-1,9,v.,skews-skewing-skewed-skewed,-,偏离，歪斜；歪曲，使有误差；使曲解，使存有偏见；（统计）使（分布）偏态，使不匀称；斜视
007983,19-007983-00-2,9,adj.,-,-,歪斜的；（数）异面的，（曲线）不在一个平面的；（统计）偏态的
007983,19-007983-00-3,9,n.,-,-,斜角，倾斜；（对特定人或对象的）偏见；（统计）偏态，偏斜性
008046,19-008046-00-1,9,v.,manifests-manifesting-manifested-manifested,-,显示，表明；（鬼魂或神灵）显灵，出现；（病症）显现；把……列入货单；显化（指通过可视化和积极思考来帮助梦想成真）
008046,19-008046-00-2,9,adj.,more manifest-most manifest,-,明显的，显而易见的
008046,19-008046-00-3,9,n.,manifests,-,旅客名单，载货清单；货运列车编组清单
007331,19-007331-00-1,9,n.,-,-,哮喘，气喘
007966,19-007966-00-1,9,vt.,-,-,登记；使加入；把……记入名册；使入伍
007966,19-007966-00-2,9,vi.,-,-,参加；登记；注册；记入名册
005592,19-005592-00-1,9,adj.,more striking-most striking,-,惊人的，异常的；妩媚动人的，标致的；罢工的；打击的
005592,19-005592-00-2,9,n.,-,-,撞击，碰撞
005592,19-005592-00-3,9,v.,-,-,打，撞；（用手或武器等）打；罢工（strike 的现在分词形式）
007961,19-007961-00-1,9,adj.,more requisite-most requisite,-,<正式>必需的，必要的
007961,19-007961-00-2,9,n.,requisites,-,<正式>必需品，必要条件
007684,19-007684-00-1,9,v.,-,-,驱逐，赶出；喷射，排出；（飞行员从即将坠毁的飞机中）弹出；（磁带或光盘）弹出
008328,19-008328-00-1,9,v.,secretes-secreting-secreted-secreted,-,（动植物或其细胞）分泌；隐藏，藏匿（小物件）
007399,19-007399-00-1,9,v.,favors-favoring-favored-favored,-,较喜欢；偏袒；有利于；（非正式）长得像；悉心照料
007399,19-007399-00-2,9,n.,favors,-,帮助；提拔；徽章；赞同；偏袒；同意性交
007243,19-007243-00-1,9,adj.,stouter或more stout-stoutest或most stout,-,（人）肥胖的，壮实的；厚而结实的；不屈不挠的，顽强的
007243,19-007243-00-2,9,n.,stouts,-,烈性黑啤酒；特大号衣服；胖子
007243,19-007243-00-3,9,-,-,-,【名】 （Stout）（美）斯托特（人名）
007759,19-007759-00-1,9,n.,asymmetries,-,不对称
000173,19-000173-00-1,9,n.,agencies,-,代理行，经销处；政府专门机构，政府内的局，部，处；（尤指产生某效果的）作用；起作用的事物（或人）;社会行为者独立选择的能力
007454,19-007454-00-1,9,n.,premises,-,前提，假设；（企业或机构使用的）房屋及土地（premises）；上述各项
007454,19-007454-00-2,9,v.,premises-premising-premised-premised,-,以……为基础，以……为前提；预先提出，事先提到；<古>声明，说明
007991,19-007991-00-1,9,adj.,-,-,认识的，认知的
000762,19-000762-00-1,9,v.,calculates-calculating-calculated-calculated,-,计算，核算；预测，推测
001175,19-001175-00-1,9,adv.,-,-,总是，经常地，不断地
008003,19-008003-00-1,9,n.,limbs,-,肢；大树枝；（某物的）突出部，延伸部分；十字形四个分支中的一个；弓把的上部（或下部）；（日月等天体的）边缘；冠檐，萼檐；（管状花的）瓣片；（四分仪等科学仪器上测量角度的）分度弧
008003,19-008003-00-2,9,v.,limbs-limbing-limbed-limbed,-,切断……的手足；从……上截下树枝
008003,19-008003-00-3,9,-,-,-,【名】 （Limb）（英）利姆，（朝）林（人名）
001581,19-001581-00-1,9,n.,diesels,-,柴油；内燃机，柴油车
001581,19-001581-00-2,9,-,-,-,【名】  (Diesel）（德）狄塞耳（人名）
004598,19-004598-00-1,9,adj.,rarer或more rare-rarest或most rare,-,少见的，不常发生的；稀罕的，珍贵的；半熟的，半生的；（品质）极好的，杰出的；（空气）稀薄的，缺氧的；<英，非正式>非常的，极度的
001827,19-001827-00-1,9,n.,ecologies,-,生态学；生态；生态保护运动
001362,19-001362-00-1,9,n.,currencies,-,通货，货币；通用，流行；现时性
007229,19-007229-00-1,9,adj.,-,-,导师的，辅导的
007229,19-007229-00-2,9,n.,tutorials,-,导师辅导课；学习指南，教程
005177,19-005177-00-1,9,adj.,sheerer-sheerest,-,（用于强调）纯粹的，完全的；程度深的，数量大的；陡峭的，垂直的；（织物等）极薄的，透明的
005177,19-005177-00-2,9,adv.,-,-,垂直地，陡峭地；<古>彻底地，完全地
005177,19-005177-00-3,9,v.,sheers-sheering-sheered-sheered,-,急转弯，突然转向；避开（不愉快的话题）
005177,19-005177-00-4,9,n.,sheers,-,精纺（或透明）织物（或物品）；（尤指船）突然偏航，突然转向；（船首及船尾处的）舷弧
007094,19-007094-00-1,9,n.,intersections,-,交接（点或线），相交；交汇点（尤指道路）；（动作）交接，交叉
007135,19-007135-00-1,9,n.,-,-,营养不良
007610,19-007610-00-1,9,vt.,-,-,吸入，吸气；<美，非正式>狼吞虎咽，大吃大嚼
002807,19-002807-00-1,9,n.,hypotheses,-,假说，假设；（凭空的）猜想，猜测；前提
001946,19-001946-00-1,9,n.,enterprises,-,企业，事业单位；事业心，进取心；事业；创业，企业经营
008088,19-008088-00-1,9,v.,inflates-inflating-inflated-inflated,-,（使）充气，（使）膨胀；使（价格、成本等）上涨；夸大，吹嘘
003372,19-003372-00-1,9,n.,livers,-,肝脏；（供食用的）动物肝脏；生活者，居民
007967,19-007967-00-1,9,vi.,-,-,登陆，下车；上岸
007967,19-007967-00-2,9,vt.,-,-,使……登陆；使……上岸
003450,19-003450-00-1,9,n.,-,-,维护，保养；保持，维持；（依法应负担的）生活费，抚养费；包揽诉讼罪，非法资助诉讼罪
007801,19-007801-00-1,9,adj.,-,-,仁慈的，乐善好施的；（用于慈善机构名称）慈善的，救济的
008245,19-008245-00-1,9,n.,grudges,-,怨恨，嫌隙
008245,19-008245-00-2,9,v.,grudges-grudging-grudged-grudged,-,（因不满而）不愿意给（或允许）；嫉恨，妒忌（某人）做成（某事）
001892,19-001892-00-1,9,v.,emerges-emerging-emerged-emerged,-,浮现，出现；显露，知悉；恢复过来，幸存下来；形成，兴起
001092,19-001092-00-1,9,adj.,more complicated-most complicated,-,复杂的，难处理的
001092,19-001092-00-2,9,v.,-,-,使复杂化，使难以理解；引起并发症（complicate 的过去式和过去分词形式）
003892,19-003892-00-1,9,n.,odours,-,（尤指难闻的）气味，臭味；意味，迹象；名声
000366,19-000366-00-1,9,adj.,more artistic-most artistic,-,艺术的，艺术家的；有艺术鉴赏力的，有艺术天赋的；有艺术性的，精美的
007854,19-007854-00-1,9,n.,slumbers,-,睡眠；麻木状态；静止状态
007854,19-007854-00-2,9,vi.,-,-,睡眠；蛰伏；麻木
007854,19-007854-00-3,9,vt.,-,-,睡眠；睡着度过
001992,19-001992-00-1,9,n.,establishments,-,建立，设立；权势集团，现存体制；企业，公共机构，家庭；结婚；英国国教，苏格兰长老会
001425,19-001425-00-1,9,n.,debates,-,讨论，辩论
001425,19-001425-00-2,9,v.,debates-debating-debated-debated,-,反复思考，斟酌；讨论，辩论
001547,19-001547-00-1,9,v.,detects-detecting-detected-detected,-,查明，察觉；测出，检测，识别
003887,19-003887-00-1,9,n.,occurrences,-,发生的事，事件；发生，出现（尤指意外且令人不快的事）
001120,19-001120-00-1,9,n.,-,-,让步，妥协；特许权；<英>优惠价，减价；商铺；小摊卖的东西；认输
008226,19-008226-00-1,9,n.,-,-,嫁接；移植；辛苦的工作；贪污
008226,19-008226-00-2,9,v.,-,-,嫁接；移植；辛苦地工作；贪污；植根；引入；（尤指不恰当地）将（某物）永久地插入别的物体
008285,19-008285-00-1,9,n.,malts,-,麦芽；麦芽酒
008285,19-008285-00-2,9,adj.,-,-,麦芽的；含麦芽的，用麦芽作的
008285,19-008285-00-3,9,vt.,-,-,用麦芽处理
008285,19-008285-00-4,9,n.,malts,-,（Malt）人名；（俄）马尔特
007126,19-007126-00-1,9,vi.,-,-,空出，腾出；辞职；休假
007126,19-007126-00-2,9,vt.,-,-,空出，搬出；取消；使撤退
007676,19-007676-00-1,9,n.,-,-,幻灭；醒悟
000321,19-000321-00-1,9,n.,apples,-,苹果
007955,19-007955-00-1,9,adj.,-,-,（动物）夜间活动的；夜间发生的
007050,19-007050-00-1,9,n.,ionizers,-,[化工] 电离剂；离子发生器
007479,19-007479-00-1,9,v.,mocks-mocking-mocked-mocked,-,嘲笑，（模仿）嘲弄；使显得徒劳，使显得可笑；（照原尺寸）模仿，仿制 （mock sth. up）
007479,19-007479-00-2,9,adj.,-,-,假装的，假的；仿真的；（考试、作战等）模拟的，演习的
007479,19-007479-00-3,9,n.,mocks,-,<英>模拟考试（mocks）；<旧>嘲笑对象，笑柄；嘲笑；模仿，仿造（品）
007479,19-007479-00-4,9,adv.,-,-,虚假地，不诚实地
007479,19-007479-00-5,9,-,-,-,【名】 （Mock）（美、德）莫克（人名）
007910,19-007910-00-1,9,adj.,-,-,粘性的；黏的
007015,19-007015-00-1,9,n.,equities,-,公平，公正；资产净值；普通股；衡平法
007575,19-007575-00-1,9,v.,compresses-compressing-compressed-compressed,-,（使）压紧，压缩；精简，浓缩；压缩（文件）；缩短（时间）
007575,19-007575-00-2,9,n.,compresses,-,（止血、减痛等的）敷布，压布
006650,19-006650-00-1,9,n.,youngsters,-,年轻人，少年
001466,19-001466-00-1,9,n.,deficiencies,-,缺乏，不足；缺陷，瑕疵；赤字
007313,19-007313-00-1,9,n.,-,-,护目镜，防护眼镜（goggle 的复数）
007313,19-007313-00-2,9,v.,-,-,瞪大眼睛看；转动眼珠（goggle 的第三人称单数）
007607,19-007607-00-1,9,n.,floras或florae,-,（某地区、栖息地或地质时期的）植物群，植物区系；植物志
007438,19-007438-00-1,9,n.,consolations,-,安慰，起安慰作用的人（物）
008137,19-008137-00-1,9,n.,shins,-,胫骨
008137,19-008137-00-2,9,vt.,-,-,爬；攀
008137,19-008137-00-3,9,vi.,-,-,攀；快步走
007379,19-007379-00-1,9,n.,-,-,相互影响，相互作用
007379,19-007379-00-2,9,vi.,-,-,相互影响，相互作用
002172,19-002172-00-1,9,adj.,more fatal-most fatal,-,致命的；导致失败的，灾难性的
002172,19-002172-00-2,9,-,-,-,【名】 （Fatal）（葡、芬）法塔尔（人名）
007523,19-007523-00-1,9,n.,domes,-,穹顶，圆屋顶；半球形物，圆顶状物
007523,19-007523-00-2,9,v.,domes-doming-domed-domed,-,变圆，膨胀；加穹顶（状物）于
007523,19-007523-00-3,9,-,-,-,【名】 （Dome）（法）多姆（人名）
007241,19-007241-00-1,9,adj.,-,-,普遍存在的，无所不在的
007754,19-007754-00-1,9,n.,-,-,分散；传播；散布；疏散；消失
008365,19-008365-00-1,9,adj.,-,-,集体的，共同的；总的，集合的
008365,19-008365-00-2,9,n.,collectives,-,集体农庄，集体企业；集合名词
004819,19-004819-00-1,9,n.,resistances,-,反对，抵制；抵抗，反抗；抵抗力，免疫力；阻力；电阻；（敌占区的）秘密抵抗组织
003857,19-003857-00-1,9,adj.,-,-,有营养的，营养丰富的
007710,19-007710-00-1,9,v.,scrubs-scrubbing-scrubbed-scrubbed,-,（尤指用硬刷子）擦洗，擦净；（医生在做手术前）仔细擦洗手和手臂（scrub up）；<非正式>取消（计划等）；用水净化（汽油，蒸汽）；（骑手用手臂与腿紧迫地摩擦马的颈部和两侧）催马（快行）；（赛车）（司机）让轮胎滑行（或划擦路面）以减速
007710,19-007710-00-2,9,n.,scrubs,-,矮树丛，灌木丛；灌木丛地带；刷洗，擦洗；磨砂膏；<美>医院工作服（scrubs）；<非正式>无足轻重的人，可鄙的人；<美>二流球队（或队员）；<美>（在公共场所举行的）儿童非正式团体比赛
007710,19-007710-00-3,9,adj.,-,-,（植物）矮小的；<美>（动物）劣等的，发育不良的
004385,19-004385-00-1,9,v.,prevails-prevailing-prevailed-prevailed,-,流行，盛行；（在比赛、竞赛或争辩中）击败，获胜；占优势，占上风；（继续）使用；说服，劝服（prevail on/upon）
007064,19-007064-00-1,9,adj.,-,-,实施的；强制执行的
007064,19-007064-00-2,9,v.,-,-,执行（enforce 的过去分词）
004845,19-004845-00-1,9,n.,restrictions,-,限制规定，限制法规；（受）限制（状态），（受）约束（状态）；制约因素
001067,19-001067-00-1,9,v.,commutes-commuting-commuted-commuted,-,通勤，上下班往返；减轻（刑罚）；代偿；（两个运算，两个量）可交换
001067,19-001067-00-2,9,n.,commutes,-,通勤，上下班交通路程
002337,19-002337-00-1,9,n.,formulas或formulae,-,计划，方案；配方，处方；公式，方程式；分子式，结构式；配方奶，代乳品；（特定场合的）惯用词语，套话；（影片、书籍等的）套路
001220,19-001220-00-1,9,adj.,-,-,有争议的，引发争论的
003041,19-003041-00-1,9,adj.,-,-,完好无损的
001703,19-001703-00-1,9,n.,distributions,-,分发；分销，配送；（电影在各院线的）发行，上映；分配，分布
002839,19-002839-00-1,9,n.,illusions,-,错觉，幻觉；幻想，错误的观念
005312,19-005312-00-1,9,adj.,slipperier或more slippery-slipperiest或most slippery,-,湿滑的，容易打滑的；<非正式>狡猾的，不可靠的；模棱两可的，模糊的
007408,19-007408-00-1,9,n.,fetuses,-,胎儿，胎
001512,19-001512-00-1,9,v.,deposits-depositing-deposited-deposited,-,放下，放置；储蓄；存放，寄存；沉积，沉淀；支付（押金、订金或预缴费用）
001512,19-001512-00-2,9,n.,deposits,-,沉积物，沉积层；订金；押金；存款；竞选保证金
007747,19-007747-00-1,9,v.,unveils-unveiling-unveiled-unveiled,-,（首次）公开，揭示；为……揭幕，揭去……上的覆盖物；除去面纱，显露
004357,19-004357-00-1,9,adj.,-,-,初步的，预备的
004357,19-004357-00-2,9,n.,preliminaries,-,初步行动，准备工作；预赛，预试
008049,19-008049-00-1,9,n.,denominations,-,面额；名称；教派
007585,19-007585-00-1,9,vi.,-,-,腾跃；欢跃；寻欢作乐
001035,19-001035-00-1,9,n.,combats,-,战斗，搏斗；争论，反对
001035,19-001035-00-2,9,v.,combats-combating或combatting-combated或combatted-combated或combatted,-,与……作斗争；防止，减轻
001035,19-001035-00-3,9,adj.,-,-,战斗的；为……斗争的
001035,19-001035-00-4,9,-,-,-,【名】 （Comb）（法）孔巴（人名）
007029,19-007029-00-1,9,v.,seeps-seeping-seeped-seeped,-,（液体）渗漏，渗透；逐渐移动，渐渐散开
007029,19-007029-00-2,9,n.,seeps,-,（油、水）渗出地表的地方
008318,19-008318-00-1,9,adj.,-,-,极其苦恼的（处于赤贫，极度恐怖等境地）；卑躬屈膝的；下贱的；可怜的；不幸的
008169,19-008169-00-1,9,v.,abides-abiding-abided或abode-abided或abode,-,遵守（abide by）；容忍，忍受；<旧>居住，逗留；（感情，记忆）始终不渝，持续
008070,19-008070-00-1,9,v.,tickles-tickling-tickled-tickled,-,使觉得痒，挠（某人）的痒痒；（使）发痒；使满足，使高兴；使发笑；引发（品味，幽默感，好奇心）；用手捉（鳟鱼）
008070,19-008070-00-2,9,n.,tickles,-,痒（感）； 呵痒，胳肢
008070,19-008070-00-3,9,-,-,-,【名】 （Tickle）（英）蒂克尔（人名）
001091,19-001091-00-1,9,v.,complicates-complicating-complicated-complicated,-,使复杂化，使难以理解；引起并发症；使卷入，使陷入
001802,19-001802-00-1,9,adj.,more dynamic-most dynamic,-,充满活力的，精力充沛的；动态的，发展变化的；力的，动力的
001802,19-001802-00-2,9,n.,dynamics,-,动力，活力；相互作用，动态；动力学
007549,19-007549-00-1,9,n.,jerks,-,急拉，急推；<美，非正式>傻瓜，坏蛋；肌肉抽搐；（举重）挺举；腌制后放在木火上烤的肉；颠簸，震摇
007549,19-007549-00-2,9,v.,jerks-jerking-jerked-jerked,-,急拉，猛推；（举重）挺举过头；制肉干；（用调料浸泡及用木柴火烤）烹饪（猪肉，鸡肉）
007549,19-007549-00-3,9,adj.,-,-,腌泡过的
007549,19-007549-00-4,9,-,-,-,【名】 （Jerk） 耶尔克（人名）
005472,19-005472-00-1,9,n.,spots或spot,-,地点，场所；点，斑点；污点，污渍；丘疹，疱疹；某演员的固定节目；排名位置； <英>少量，一点；几滴，少许（液体）；困境，窘境；现货交易，现金交易；聚光灯（spotlight 的简称）；<美>（多米诺牌、纸牌或骰子上的）点；调灰泥板，调石膏板；<美，非正式>（特定面值的）钞票；（英足）点球点
005472,19-005472-00-2,9,v.,spots-spotting-spotted-spotted,-,看见，注意到；让分，让步；飘了几滴雨；<美，非正式>借（钱）给；使有斑点，使有污迹；稀疏地点缀；在场监护（运动员）；（军）确定敌人的位置；将（球）放在适当位置
005472,19-005472-00-3,9,adj.,-,-,现货交易的，立即支付的
002173,19-002173-00-1,9,n.,fates,-,命运
002173,19-002173-00-2,9,v.,fates-fating-fated-fated,-,注定
002173,19-002173-00-3,9,-,-,-,【名】  （Fate）（英）费特（人名）
007017,19-007017-00-1,9,adj.,-,-,阈限的
007478,19-007478-00-1,9,n.,freights,-,货物；货运；运费；<美>货运列车
007478,19-007478-00-2,9,v.,freights-freighting-freighted-freighted,-,运送（货物）；使充满，使负担
007620,19-007620-00-1,9,adj.,-,-,剥削的；利用的；开发资源的
007742,19-007742-00-1,9,vt.,-,-,倾覆（特指船）；翻覆；弄翻
007742,19-007742-00-2,9,vi.,-,-,翻；倾覆；翻覆
007418,19-007418-00-1,9,n.,-,-,弹性工作时间
005449,19-005449-00-1,9,v.,spills-spilling-spilt或spilled-spilt或spilled,-,（使）洒出，泼出，溢出；（东西）倒出，洒落；涌出，蜂拥而出；（光线）透进，倾泻在……上；向（某人）说出秘密；使（某人）从马上（或自行车上）摔下来；（球赛中）掉球；（航海）减少（帆）的受风压力（多指把帆放松）
005449,19-005449-00-2,9,n.,spills,-,洒出（量），溢出（量）；（从马、自行车上等的）摔下，跌下；<澳>职位空缺；（点火用的）纸捻，木片；小塞子
005449,19-005449-00-3,9,-,-,-,【名】 （Spill）（德、美、英、法）施皮尔（人名）
008165,19-008165-00-1,9,v.,encroaches-encroaching-encroached-encroached,-,逐步侵占（侵犯），蚕食；侵占（土地）
007631,19-007631-00-1,9,n.,alleys,-,小巷，胡同；（两旁有树木、灌木或石头的）小径；（九柱戏和保龄球等游戏的）球道；<美>双打网球场两边的狭长地带
007631,19-007631-00-2,9,-,-,-,【名】 （Alley）（英）阿利（人名）
007582,19-007582-00-1,9,n.,dictations,-,口述，听写；命令，发号施令
005632,19-005632-00-1,9,adj.,subtler或more subtle-subtlest或most subtle,-,不易察觉的，微妙的；敏锐的，有洞察力的；灵活的，巧妙的；含蓄的，隐晦的；<古>狡猾的
008172,19-008172-00-1,9,adj.,-,-,好战的，好争论的
004695,19-004695-00-1,9,v.,reflects-reflecting-reflected-reflected,-,反射（光、热或声音）；反映，照出（影像）；显示，表明；深思，反省；深思后认为，深思后说；引起（某种）看法，带来影响
007857,19-007857-00-1,9,v.,propagates-propagating-propagated-propagated,-,散播，宣传（观点、信仰等）；传播（运动、光线、声音等）；（动植物等）繁殖，使繁殖
000433,19-000433-00-1,9,n.,avenues,-,大街；（通向大宅子的）林荫道；途径，渠道
007576,19-007576-00-1,9,v.,derives-deriving-derived-derived,-,获得，取得；起源于，来自；提取，衍生（化学物质）
007576,19-007576-00-2,9,-,-,-,【名】 （Derive）（法）德里夫（人名）
008036,19-008036-00-1,9,v.,contaminates-contaminating-contaminated-contaminated,-,污染，弄脏；毒害，腐蚀（人的思想或品德）
007333,19-007333-00-1,9,n.,memoranda或memorandums,-,公务便条，备忘录；协议备忘录；建议书，报告；合同书，（法律文件细节的）摘要
002213,19-002213-00-1,9,adj.,fiercer-fiercest,-,（动作或情感）强烈的，激烈的；（人或动物）凶猛的，狂怒的；（天气等）狂暴的，恶劣的
002213,19-002213-00-2,9,adv.,-,-,<美，非正式>很，非常
002213,19-002213-00-3,9,-,-,-,【名】 （Fierce）（英）菲尔斯（人名）
003470,19-003470-00-1,9,n.,manufacturers,-,生产商，制造商
008146,19-008146-00-1,9,v.,corrodes-corroding-corroded-corroded,-,损害，破坏；腐蚀，侵蚀
007233,19-007233-00-1,9,v.,furnishes-furnishing-furnished-furnished,-,为（房间或房屋）配备家具；提供，供应
001363,19-001363-00-1,9,adj.,more current-most current,-,现行的，当前的；通用的，流行的；最近的
001363,19-001363-00-2,9,n.,currents,-,水流，气流；电流；思潮，趋势
001363,19-001363-00-3,9,-,-,-,【名】 （Current）（英）柯伦特（人名）
007246,19-007246-00-1,9,v.,conforms-conforming-conformed-conformed,-,遵守，符合；顺从，随潮流；一致，相吻合
001494,19-001494-00-1,9,v.,demonstrates-demonstrating-demonstrated-demonstrated,-,证明；示范，演示；表露；游行，示威
001158,19-001158-00-1,9,adj.,-,-,连续的，不间断的
007292,19-007292-00-1,9,v.,mitigates-mitigating-mitigated-mitigated,-,<正式>减轻，缓和
006561,19-006561-00-1,9,n.,windscreens,-,汽车挡风玻璃
004195,19-004195-00-1,9,adj.,-,-,（地方）古雅的，风景如画的；（语言）生动的，独特的；（服饰和外貌）引人注意的，奇特的
007685,19-007685-00-1,9,n.,ejections,-,驱逐，弹出；（火山等的）喷出物，射出物
007150,19-007150-00-1,9,v.,-,-,促进，培养；领养，收养
007150,19-007150-00-2,9,adj.,-,-,代养的，寄养的
007150,19-007150-00-3,9,-,-,-,【名】 （Foster） 福斯特（人名）
007589,19-007589-00-1,9,n.,adjuncts,-,附属物；附加语，修饰语；帮手，助手；（某些系统语法用语）副词状语
007589,19-007589-00-2,9,adj.,-,-,附属的，附加的；（大学教师职位）临时的，副的
007338,19-007338-00-1,9,n.,-,-,残骸，碎片
007338,19-007338-00-2,9,-,-,-,【名】 （Debris）（法）德布里（人名）
004336,19-004336-00-1,9,v.,precedes-preceding-preceded-preceded,-,处在……之前，先于；在……之前做（或说）；比……更重要，比……（级别）更高
008236,19-008236-00-1,9,adj.,more spiteful-most spiteful,-,怀恨的，恶意的
005579,19-005579-00-1,9,n.,streams,-,小河，小溪；一连串，源源不断（的事情）；（烟、气、液体的）流，股；（同龄学生按能力划分的）班，组；音像流；数据流，指令流
005579,19-005579-00-2,9,v.,streams-streaming-streamed-streamed,-,（人，东西）流动，涌动；不断地流出（液体），不断地排出（气体）；（光线）照射，照耀；（尤指在风中或水中）飘动，流动；在线收听（或收看）；按能力分班（或分组）
007898,19-007898-00-1,9,adj.,solemner或more solemn-solemnest或most solemn,-,表情严肃的，庄严的；（承诺、协定等）庄严的，郑重的；（仪式）庄严的，隆重的
003266,19-003266-00-1,9,n.,laundries,-,待洗（或正在洗涤、洗完）的衣物；洗衣房，洗衣店；洗衣物，洗衣物的活
005183,19-005183-00-1,9,v.,shifts-shifting-shifted-shifted,-,（使）移动，（使）转移；（使）转换到（另一个人或另一事物）；（使）改变意见（或信仰等）；<英，非正式>赶快；<美>换（挡）；（计算机）移位；按（计算机键盘上的）Shift 键；<英，非正式>摆脱，消除；<英，非正式>（尤指大量）销售，出售；<英，非正式>狼吞虎咽地吃；<古>含糊其辞，拐弯抹角
005183,19-005183-00-2,9,n.,shifts,-,改变，转变；轮班工作时间；轮班工作的人；（计算机键盘上的）Shift 键；（计算机）移位；<美>（机动车的）换挡装置；宽松直筒连衣裙（=shift dress）；<史>长而宽松的内衣；（建筑）错位；（美橄）（开赛前）球员位置的变换；（天文）（光谱线的）偏移；语音演变（sound shift 的简称）；<古>计谋，诡计
004070,19-004070-00-1,9,adv.,-,-,不完全地，部分地；<古>偏袒地
003000,19-003000-00-1,9,n.,innovations,-,新事物，新方法；革新，创新
007140,19-007140-00-1,9,n.,-,-,专业；专业化，专门化；（生物）特化作用
002753,19-002753-00-1,9,adj.,-,-,水平的；（公司）同一层次的；统一的，一致的；地平线的，在地平线上的
002753,19-002753-00-2,9,n.,horizontals,-,水平位置；水平线，水平面
007896,19-007896-00-1,9,n.,anecdotes或anecdota,-,轶事，趣闻；传闻
008199,19-008199-00-1,9,v.,crystallizes-crystallizing-crystallized-crystallized,-,（使）结晶；（使）明确化，（使）具体化；给（水果或花瓣）裹上糖霜；（财政）将浮动费用改为固定费用
007616,19-007616-00-1,9,n.,crusts,-,面包皮；（馅饼或比萨饼等的）酥皮；硬外皮，硬外壳；地壳；<非正式>生活，生计
007616,19-007616-00-2,9,v.,crusts-crusting-crusted-crusted,-,形成（或结成）硬皮（或硬壳）
001111,19-001111-00-1,9,v.,conceives-conceiving-conceived-conceived,-,构思，设想；使受孕，怀孕
004864,19-004864-00-1,9,n.,revenges,-,报复，报仇；报复欲望，复仇心；雪耻（指在比赛中战胜曾击败自己的对手）
004864,19-004864-00-2,9,v.,revenges-revenging-revenged-revenged,-,复仇，报复；替（人）报仇；报（被冤枉，被伤害）之仇，洗雪（侮辱）
006529,19-006529-00-1,9,n.,whistles,-,哨子；口哨声；哨子声；（火车、船或工厂等地的）汽笛，警笛；汽笛声，警笛声；呼啸声；小竖笛；（鸟的）啭鸣声；<英>一套衣服，一手同花色牌
006529,19-006529-00-2,9,v.,whistles-whistling-whistled-whistled,-,吹口哨，用口哨吹奏（曲调）；（向某人）吹口哨（以唤起注意或表示爱憎）；吹哨示意；鸣响；（鸟）啭鸣；迅速移动，呼啸而过；得不到，空指望
007505,19-007505-00-1,9,adj.,sleeker或more sleek-sleekest或most sleek,-,光滑的，光亮的；线条流畅的，造型优美的；时髦阔气的；油嘴滑舌的
007505,19-007505-00-2,9,v.,sleeks-sleeking-sleeked-sleeked,-,使平整光亮；掩盖；打扮整洁
001823,19-001823-00-1,9,adj.,more eccentric-most eccentric,-,古怪的，异乎寻常的；不同圆心的，不正圆的
001823,19-001823-00-2,9,n.,eccentrics,-,古怪的人
003212,19-003212-00-1,9,n.,kits,-,成套工具，成套设备；配套元件；<英>全套衣服及装备；成套资料，成套材料；<英>（尤指盛鱼的）大篮子，箱子；（尤指职业舞蹈教师用的）小型小提琴；（海狸、白鼬、貂等动物的）幼崽
003212,19-003212-00-2,9,v.,kits-kitting-kitted-kitted,-,装备；预备
003212,19-003212-00-3,9,-,-,-,【名】 （英）基特，姬特（女名）（教名 Christopher、Katherine 的昵称），（俄）基特，（东南亚国家华语）吉（人名）
008027,19-008027-00-1,9,adj.,-,-,深奥的；难懂的
007893,19-007893-00-1,9,n.,paralyses,-,瘫痪（症），麻痹（症）；（行动、决策、运行等的）瘫痪，停顿
007340,19-007340-00-1,9,v.,congregates-congregating-congregated-congregated,-,集合，聚集
007340,19-007340-00-2,9,adj.,-,-,集合在一起的
